{
  "type": "FeatureCollection",
  "name": "fixplanet-religion-pilot-400",
  "properties": {
    "year": 400,
    "author": "Fix Planet schematic reconstruction",
    "note": "Original artwork. Not a census. Americas/Oceania omitted."
  },
  "features": [
    {
      "type": "Feature",
      "properties": {
        "id": "local_trad",
        "style": "fill",
        "year": 400
      },
      "geometry": {
        "type": "MultiPolygon",
        "coordinates": [
          [
            [
              [
                45.40581320741452,
                11.037186173822906
              ],
              [
                45.84956747309094,
                9.5576465376942
              ],
              [
                46.0,
                8.0
              ],
              [
                45.84956747309094,
                6.442353462305798
              ],
              [
                45.40581320741452,
                4.962813826177097
              ],
              [
                44.69098889480818,
                3.6355713869888637
              ],
              [
                43.740938811152404,
                2.527179622723791
              ],
              [
                42.60330243470535,
                1.693217924683065
              ],
              [
                41.33512560373788,
                1.1755046147272328
              ],
              [
                40.0,
                1.0
              ],
              [
                38.664874396262114,
                1.1755046147272346
              ],
              [
                37.39669756529465,
                1.6932179246830668
              ],
              [
                36.259061188847596,
                2.527179622723792
              ],
              [
                35.30901110519182,
                3.635571386988863
              ],
              [
                34.59418679258548,
                4.9628138261770935
              ],
              [
                34.15043252690906,
                6.442353462305803
              ],
              [
                34.0,
                8.0
              ],
              [
                34.15043252690906,
                9.557646537694199
              ],
              [
                34.59418679258549,
                11.037186173822908
              ],
              [
                35.30901110519182,
                12.364428613011137
              ],
              [
                36.259061188847596,
                13.472820377276209
              ],
              [
                37.39669756529465,
                14.306782075316935
              ],
              [
                38.664874396262114,
                14.824495385272765
              ],
              [
                39.759667327371886,
                14.96840784642443
              ],
              [
                38.18168517531971,
                16.388591783271394
              ],
              [
                36.990311320975806,
                18.095046347941977
              ],
              [
                36.25072087818177,
                19.997311594393175
              ],
              [
                36.0,
                22.0
              ],
              [
                36.25072087818177,
                24.002688405606825
              ],
              [
                36.990311320975806,
                25.904953652058023
              ],
              [
                38.18168517531971,
                27.611408216728606
              ],
              [
                39.76510198141266,
                29.03648334221227
              ],
              [
                41.66116260882442,
                30.108719811121773
              ],
              [
                43.77479066043686,
                30.774351209636414
              ],
              [
                46.0,
                31.0
              ],
              [
                48.22520933956314,
                30.774351209636414
              ],
              [
                50.33883739117558,
                30.108719811121773
              ],
              [
                52.23489801858734,
                29.036483342212268
              ],
              [
                53.8183148246803,
                27.611408216728602
              ],
              [
                55.009688679024194,
                25.904953652058023
              ],
              [
                55.74927912181823,
                24.00268840560683
              ],
              [
                56.0,
                22.0
              ],
              [
                55.74927912181823,
                19.997311594393167
              ],
              [
                55.009688679024194,
                18.09504634794198
              ],
              [
                53.8183148246803,
                16.388591783271398
              ],
              [
                52.23489801858733,
                14.96351665778773
              ],
              [
                50.33883739117558,
                13.891280188878227
              ],
              [
                48.225209339563136,
                13.225648790363586
              ],
              [
                46.0,
                13.0
              ],
              [
                43.96974547310796,
                13.205879271661392
              ],
              [
                44.69098889480818,
                12.364428613011135
              ],
              [
                45.40581320741452,
                11.037186173822906
              ]
            ]
          ],
          [
            [
              [
                115.94564075455241,
                6.141612179553929
              ],
              [
                113.72885722602227,
                4.399853692851671
              ],
              [
                111.0743723476458,
                3.089342453073389
              ],
              [
                108.1152930753884,
                2.275792965999937
              ],
              [
                105.0,
                2.0
              ],
              [
                101.88470692461159,
                2.2757929659999405
              ],
              [
                98.92562765235418,
                3.0893424530733906
              ],
              [
                96.27114277397773,
                4.399853692851673
              ],
              [
                94.05435924544759,
                6.141612179553928
              ],
              [
                92.38643584936614,
                8.227278869706861
              ],
              [
                91.35100922945446,
                10.552269726480548
              ],
              [
                91.0,
                13.000000000000002
              ],
              [
                91.35100922945446,
                15.447730273519454
              ],
              [
                92.38643584936614,
                17.772721130293142
              ],
              [
                94.05435924544759,
                19.858387820446072
              ],
              [
                96.27114277397773,
                21.60014630714833
              ],
              [
                98.9256276523542,
                22.91065754692661
              ],
              [
                101.8847069246116,
                23.72420703400006
              ],
              [
                105.0,
                24.0
              ],
              [
                108.11529307538841,
                23.72420703400006
              ],
              [
                111.07437234764582,
                22.91065754692661
              ],
              [
                113.72885722602227,
                21.60014630714833
              ],
              [
                115.94564075455241,
                19.85838782044607
              ],
              [
                117.61356415063386,
                17.77272113029314
              ],
              [
                118.64899077054554,
                15.447730273519458
              ],
              [
                119.0,
                13.0
              ],
              [
                118.64899077054552,
                10.552269726480539
              ],
              [
                117.61356415063388,
                8.227278869706868
              ],
              [
                115.94564075455241,
                6.141612179553929
              ]
            ]
          ],
          [
            [
              [
                141.8183148246803,
                29.765101981412663
              ],
              [
                140.23489801858733,
                28.1816851753197
              ],
              [
                138.3388373911756,
                26.990311320975806
              ],
              [
                136.22520933956312,
                26.25072087818176
              ],
              [
                134.0,
                26.0
              ],
              [
                131.77479066043685,
                26.250720878181763
              ],
              [
                129.6611626088244,
                26.99031132097581
              ],
              [
                127.76510198141267,
                28.181685175319704
              ],
              [
                126.1816851753197,
                29.765101981412663
              ],
              [
                124.9903113209758,
                31.66116260882442
              ],
              [
                124.25072087818177,
                33.774790660436864
              ],
              [
                124.0,
                36.0
              ],
              [
                124.25072087818177,
                38.22520933956314
              ],
              [
                124.9903113209758,
                40.33883739117558
              ],
              [
                126.1816851753197,
                42.23489801858734
              ],
              [
                127.76510198141267,
                43.8183148246803
              ],
              [
                129.6611626088244,
                45.009688679024194
              ],
              [
                131.77479066043685,
                45.74927912181823
              ],
              [
                134.0,
                46.0
              ],
              [
                136.22520933956315,
                45.74927912181823
              ],
              [
                138.3388373911756,
                45.009688679024194
              ],
              [
                140.23489801858733,
                43.8183148246803
              ],
              [
                141.8183148246803,
                42.23489801858734
              ],
              [
                143.00968867902418,
                40.33883739117558
              ],
              [
                143.74927912181823,
                38.22520933956314
              ],
              [
                144.0,
                36.0
              ],
              [
                143.74927912181823,
                33.77479066043686
              ],
              [
                143.00968867902418,
                31.661162608824426
              ],
              [
                141.8183148246803,
                29.765101981412663
              ]
            ]
          ],
          [
            [
              [
                112.83692226365724,
                44.51812237769519
              ],
              [
                106.1865716780668,
                42.61802221038364
              ],
              [
                98.22311704293743,
                41.188373585170964
              ],
              [
                89.34587922616515,
                40.300865053818114
              ],
              [
                79.99999999999999,
                40.0
              ],
              [
                70.65412077383479,
                40.300865053818114
              ],
              [
                61.776882957062554,
                41.18837358517097
              ],
              [
                53.81342832193319,
                42.61802221038364
              ],
              [
                47.16307773634276,
                44.51812237769519
              ],
              [
                45.97394490732032,
                45.05883496513637
              ],
              [
                42.4456328669144,
                43.49069628051152
              ],
              [
                35.61981460823209,
                41.584498113561295
              ],
              [
                28.01075362242728,
                40.40115340509082
              ],
              [
                19.999999999999993,
                40.0
              ],
              [
                11.989246377572675,
                40.401153405090824
              ],
              [
                4.380185391767903,
                41.584498113561295
              ],
              [
                -2.445632866914412,
                43.49069628051153
              ],
              [
                -8.145933368849064,
                46.02416317026026
              ],
              [
                -12.434879244487092,
                49.05786017411907
              ],
              [
                -15.097404838545657,
                52.43966505669898
              ],
              [
                -16.0,
                56.0
              ],
              [
                -15.097404838545657,
                59.56033494330102
              ],
              [
                -12.434879244487085,
                62.94213982588093
              ],
              [
                -8.145933368849061,
                65.97583682973975
              ],
              [
                -2.445632866914405,
                68.50930371948849
              ],
              [
                4.38018539176791,
                70.4155018864387
              ],
              [
                11.989246377572684,
                71.59884659490918
              ],
              [
                20.000000000000004,
                72.0
              ],
              [
                28.01075362242732,
                71.59884659490918
              ],
              [
                35.61981460823209,
                70.4155018864387
              ],
              [
                42.44563286691441,
                68.50930371948847
              ],
              [
                48.14593336884907,
                65.97583682973973
              ],
              [
                52.43487924448709,
                62.94213982588093
              ],
              [
                53.69079479118939,
                61.34693963797527
              ],
              [
                53.813428321933195,
                61.38197778961636
              ],
              [
                61.77688295706256,
                62.81162641482903
              ],
              [
                70.65412077383479,
                63.699134946181886
              ],
              [
                80.0,
                64.0
              ],
              [
                89.34587922616521,
                63.699134946181886
              ],
              [
                98.22311704293745,
                62.81162641482903
              ],
              [
                106.18657167806681,
                61.38197778961636
              ],
              [
                112.83692226365724,
                59.4818776223048
              ],
              [
                117.8406924519016,
                57.2066048694107
              ],
              [
                120.94697231163659,
                54.67025120747577
              ],
              [
                122.0,
                52.0
              ],
              [
                120.94697231163659,
                49.32974879252423
              ],
              [
                117.84069245190162,
                46.79339513058931
              ],
              [
                112.83692226365724,
                44.51812237769519
              ]
            ]
          ]
        ]
      }
    },
    {
      "type": "Feature",
      "properties": {
        "id": "african_trad",
        "style": "fill",
        "year": 400
      },
      "geometry": {
        "type": "Polygon",
        "coordinates": [
          [
            [
              54.0,
              2.0
            ],
            [
              53.09740483854565,
              9.56571175451469
            ],
            [
              50.43487924448709,
              16.752047129996974
            ],
            [
              46.14593336884907,
              23.198653263196938
            ],
            [
              40.44563286691441,
              28.582270403913014
            ],
            [
              33.61981460823209,
              32.63294150868225
            ],
            [
              26.01075362242732,
              35.147549014182005
            ],
            [
              18.000000000000004,
              36.0
            ],
            [
              9.989246377572684,
              35.147549014182005
            ],
            [
              2.3801853917679097,
              32.63294150868225
            ],
            [
              -4.445632866914405,
              28.582270403913018
            ],
            [
              -10.145933368849061,
              23.198653263196952
            ],
            [
              -14.434879244487085,
              16.75204712999698
            ],
            [
              -17.097404838545657,
              9.565711754514679
            ],
            [
              -18.0,
              2.000000000000004
            ],
            [
              -17.097404838545657,
              -5.565711754514671
            ],
            [
              -14.434879244487092,
              -12.752047129996972
            ],
            [
              -10.145933368849064,
              -19.19865326319695
            ],
            [
              -4.445632866914412,
              -24.58227040391301
            ],
            [
              2.3801853917679026,
              -28.632941508682247
            ],
            [
              9.989246377572675,
              -31.147549014182005
            ],
            [
              17.999999999999993,
              -32.0
            ],
            [
              26.01075362242728,
              -31.14754901418201
            ],
            [
              33.61981460823209,
              -28.632941508682254
            ],
            [
              40.4456328669144,
              -24.582270403913018
            ],
            [
              46.14593336884907,
              -19.198653263196945
            ],
            [
              50.4348792444871,
              -12.752047129996955
            ],
            [
              53.09740483854564,
              -5.565711754514698
            ],
            [
              54.0,
              2.0
            ]
          ]
        ]
      }
    },
    {
      "type": "Feature",
      "properties": {
        "id": "hindu",
        "style": "fill",
        "year": 400
      },
      "geometry": {
        "type": "Polygon",
        "coordinates": [
          [
            [
              96.0,
              21.0
            ],
            [
              95.59884659490918,
              24.67159541027919
            ],
            [
              94.4155018864387,
              28.15908169543971
            ],
            [
              92.50930371948847,
              31.287581730669103
            ],
            [
              89.97583682973973,
              33.90021946072249
            ],
            [
              86.94213982588093,
              35.865986320389915
            ],
            [
              83.56033494330103,
              37.08631055100009
            ],
            [
              80.0,
              37.5
            ],
            [
              76.43966505669897,
              37.08631055100009
            ],
            [
              73.05786017411907,
              35.865986320389915
            ],
            [
              70.02416317026027,
              33.9002194607225
            ],
            [
              67.49069628051153,
              31.28758173066911
            ],
            [
              65.5844981135613,
              28.15908169543971
            ],
            [
              64.40115340509082,
              24.67159541027918
            ],
            [
              64.0,
              21.000000000000004
            ],
            [
              64.40115340509082,
              17.328404589720822
            ],
            [
              65.5844981135613,
              13.840918304560294
            ],
            [
              67.49069628051153,
              10.712418269330891
            ],
            [
              70.02416317026027,
              8.09978053927751
            ],
            [
              73.05786017411907,
              6.134013679610085
            ],
            [
              76.43966505669897,
              4.913689448999911
            ],
            [
              80.0,
              4.5
            ],
            [
              83.56033494330102,
              4.913689448999907
            ],
            [
              86.94213982588093,
              6.1340136796100815
            ],
            [
              89.97583682973973,
              8.099780539277507
            ],
            [
              92.50930371948847,
              10.712418269330893
            ],
            [
              94.4155018864387,
              13.8409183045603
            ],
            [
              95.59884659490918,
              17.328404589720808
            ],
            [
              96.0,
              21.0
            ]
          ]
        ]
      }
    },
    {
      "type": "Feature",
      "properties": {
        "id": "chinese_imperial",
        "style": "fill",
        "year": 400
      },
      "geometry": {
        "type": "Polygon",
        "coordinates": [
          [
            [
              126.0,
              32.5
            ],
            [
              125.64899077054554,
              35.17025120747577
            ],
            [
              124.61356415063386,
              37.7066048694107
            ],
            [
              122.94564075455241,
              39.9818776223048
            ],
            [
              120.72885722602227,
              41.88197778961636
            ],
            [
              118.07437234764582,
              43.31162641482903
            ],
            [
              115.11529307538841,
              44.199134946181886
            ],
            [
              112.0,
              44.5
            ],
            [
              108.8847069246116,
              44.199134946181886
            ],
            [
              105.9256276523542,
              43.31162641482903
            ],
            [
              103.27114277397773,
              41.88197778961636
            ],
            [
              101.05435924544759,
              39.98187762230481
            ],
            [
              99.38643584936614,
              37.7066048694107
            ],
            [
              98.35100922945446,
              35.17025120747577
            ],
            [
              98.0,
              32.5
            ],
            [
              98.35100922945446,
              29.829748792524235
            ],
            [
              99.38643584936614,
              27.293395130589303
            ],
            [
              101.05435924544759,
              25.018122377695192
            ],
            [
              103.27114277397773,
              23.118022210383643
            ],
            [
              105.92562765235418,
              21.68837358517097
            ],
            [
              108.88470692461159,
              20.800865053818114
            ],
            [
              112.0,
              20.5
            ],
            [
              115.1152930753884,
              20.800865053818114
            ],
            [
              118.0743723476458,
              21.688373585170968
            ],
            [
              120.72885722602227,
              23.118022210383643
            ],
            [
              122.94564075455241,
              25.018122377695196
            ],
            [
              124.61356415063388,
              27.29339513058931
            ],
            [
              125.64899077054552,
              29.829748792524224
            ],
            [
              126.0,
              32.5
            ]
          ]
        ]
      }
    },
    {
      "type": "Feature",
      "properties": {
        "id": "roman_pagan",
        "style": "fill",
        "year": 400
      },
      "geometry": {
        "type": "Polygon",
        "coordinates": [
          [
            [
              33.82024430426413,
              34.30678207531693
            ],
            [
              35.052683712081766,
              33.47282037727621
            ],
            [
              36.081904636042196,
              32.364428613011135
            ],
            [
              36.85629764136573,
              31.037186173822906
            ],
            [
              37.337031429181856,
              29.5576465376942
            ],
            [
              37.5,
              28.0
            ],
            [
              37.33703142918185,
              26.442353462305796
            ],
            [
              36.85629764136573,
              24.962813826177097
            ],
            [
              36.081904636042196,
              23.635571386988865
            ],
            [
              35.052683712081766,
              22.527179622723793
            ],
            [
              33.82024430426413,
              21.693217924683065
            ],
            [
              32.44638607071604,
              21.17550461472723
            ],
            [
              31.0,
              21.0
            ],
            [
              29.553613929283955,
              21.175504614727235
            ],
            [
              28.17975569573587,
              21.69321792468307
            ],
            [
              26.94731628791823,
              22.527179622723793
            ],
            [
              25.918095363957807,
              23.635571386988865
            ],
            [
              25.143702358634275,
              24.962813826177094
            ],
            [
              24.662968570818144,
              26.442353462305803
            ],
            [
              24.5,
              28.0
            ],
            [
              24.662968570818144,
              29.557646537694197
            ],
            [
              24.666996697108324,
              29.570043778447182
            ],
            [
              21.545442260586277,
              28.58934245307339
            ],
            [
              16.895460547038894,
              27.775792965999937
            ],
            [
              11.999999999999996,
              27.5
            ],
            [
              7.104539452961079,
              27.77579296599994
            ],
            [
              2.4545577394137172,
              28.589342453073392
            ],
            [
              -1.7167756408921413,
              29.89985369285167
            ],
            [
              -5.20029261429665,
              31.641612179553928
            ],
            [
              -7.821315093853222,
              33.727278869706865
            ],
            [
              -9.448414068000123,
              36.052269726480546
            ],
            [
              -10.0,
              38.5
            ],
            [
              -9.448414068000123,
              40.947730273519454
            ],
            [
              -7.821315093853219,
              43.27272113029314
            ],
            [
              -5.20029261429665,
              45.358387820446076
            ],
            [
              -2.443299166653904,
              46.73688454426745
            ],
            [
              -3.446386070716045,
              46.82034602152724
            ],
            [
              -4.820244304264129,
              47.17534943406839
            ],
            [
              -6.052683712081769,
              47.74720888415346
            ],
            [
              -7.081904636042192,
              48.507248951078076
            ],
            [
              -7.856297641365725,
              49.41735805223572
            ],
            [
              -8.337031429181854,
              50.4318995170097
            ],
            [
              -8.5,
              51.5
            ],
            [
              -8.337031429181854,
              52.56810048299031
            ],
            [
              -7.856297641365724,
              53.58264194776428
            ],
            [
              -7.081904636042191,
              54.492751048921924
            ],
            [
              -6.052683712081768,
              55.25279111584654
            ],
            [
              -4.820244304264127,
              55.82465056593161
            ],
            [
              -3.446386070716043,
              56.17965397847276
            ],
            [
              -1.9999999999999996,
              56.3
            ],
            [
              -0.5536139292839561,
              56.17965397847276
            ],
            [
              0.8202443042641283,
              55.82465056593161
            ],
            [
              2.0526837120817687,
              55.25279111584654
            ],
            [
              3.081904636042194,
              54.49275104892192
            ],
            [
              3.8562976413657246,
              53.58264194776428
            ],
            [
              4.337031429181853,
              52.56810048299031
            ],
            [
              4.5,
              51.5
            ],
            [
              4.337031429181852,
              50.43189951700969
            ],
            [
              3.8562976413657255,
              49.41735805223573
            ],
            [
              3.0950684057884987,
              48.522719734736114
            ],
            [
              7.104539452961085,
              49.22420703400006
            ],
            [
              12.000000000000002,
              49.5
            ],
            [
              16.89546054703892,
              49.22420703400006
            ],
            [
              21.545442260586277,
              48.410657546926615
            ],
            [
              25.716775640892138,
              47.10014630714833
            ],
            [
              29.200292614296657,
              45.35838782044607
            ],
            [
              31.821315093853222,
              43.27272113029314
            ],
            [
              33.44841406800012,
              40.94773027351946
            ],
            [
              34.0,
              38.5
            ],
            [
              33.44841406800012,
              36.05226972648054
            ],
            [
              32.55938147522161,
              34.781915136854195
            ],
            [
              33.82024430426413,
              34.30678207531693
            ]
          ]
        ]
      }
    },
    {
      "type": "Feature",
      "properties": {
        "id": "zoroastrian",
        "style": "fill",
        "year": 400
      },
      "geometry": {
        "type": "Polygon",
        "coordinates": [
          [
            [
              40.034982547512506,
              37.13883739117558
            ],
            [
              41.88161202174554,
              39.034898018587334
            ],
            [
              44.335908071189635,
              40.6183148246803
            ],
            [
              47.27480204367785,
              41.80968867902419
            ],
            [
              50.55092552367713,
              42.54927912181823
            ],
            [
              54.0,
              42.8
            ],
            [
              57.44907447632288,
              42.54927912181823
            ],
            [
              60.72519795632215,
              41.80968867902419
            ],
            [
              63.66409192881037,
              40.6183148246803
            ],
            [
              66.11838797825446,
              39.034898018587334
            ],
            [
              67.9650174524875,
              37.13883739117558
            ],
            [
              69.11138263881827,
              35.02520933956314
            ],
            [
              69.5,
              32.8
            ],
            [
              69.11138263881827,
              30.57479066043685
            ],
            [
              67.9650174524875,
              28.461162608824424
            ],
            [
              66.11838797825446,
              26.56510198141266
            ],
            [
              63.664091928810365,
              24.981685175319697
            ],
            [
              60.72519795632215,
              23.790311320975803
            ],
            [
              57.449074476322856,
              23.050720878181757
            ],
            [
              54.0,
              22.799999999999997
            ],
            [
              50.55092552367712,
              23.05072087818176
            ],
            [
              47.274802043677845,
              23.790311320975807
            ],
            [
              44.33590807118963,
              24.9816851753197
            ],
            [
              41.88161202174554,
              26.56510198141266
            ],
            [
              40.034982547512506,
              28.461162608824417
            ],
            [
              38.88861736118173,
              30.574790660436857
            ],
            [
              38.5,
              32.8
            ],
            [
              38.601014621568545,
              33.378406169665816
            ],
            [
              38.5,
              34.0
            ],
            [
              38.688040658636325,
              35.15710885657283
            ],
            [
              39.24273349073186,
              36.2561954434113
            ],
            [
              40.02357190502872,
              37.117798847500104
            ],
            [
              40.034982547512506,
              37.13883739117558
            ]
          ]
        ]
      }
    },
    {
      "type": "Feature",
      "properties": {
        "id": "buddhist",
        "style": "fill",
        "year": 400
      },
      "geometry": {
        "type": "MultiPolygon",
        "coordinates": [
          [
            [
              [
                82.14155018864388,
                6.558679026117861
              ],
              [
                81.95093037194886,
                6.103624475539039
              ],
              [
                81.69758368297397,
                5.723604442076728
              ],
              [
                81.3942139825881,
                5.437674717034193
              ],
              [
                81.05603349433011,
                5.260173010763623
              ],
              [
                80.7,
                5.199999999999999
              ],
              [
                80.3439665056699,
                5.260173010763623
              ],
              [
                80.0057860174119,
                5.437674717034194
              ],
              [
                79.70241631702604,
                5.723604442076729
              ],
              [
                79.44906962805115,
                6.103624475539038
              ],
              [
                79.25844981135613,
                6.5586790261178605
              ],
              [
                79.14011534050908,
                7.065949758504846
              ],
              [
                79.10000000000001,
                7.6
              ],
              [
                79.14011534050908,
                8.134050241495153
              ],
              [
                79.25844981135613,
                8.64132097388214
              ],
              [
                79.44906962805115,
                9.09637552446096
              ],
              [
                79.70241631702604,
                9.476395557923272
              ],
              [
                80.0057860174119,
                9.762325282965806
              ],
              [
                80.3439665056699,
                9.939826989236376
              ],
              [
                80.7,
                10.0
              ],
              [
                81.05603349433011,
                9.939826989236376
              ],
              [
                81.3942139825881,
                9.762325282965806
              ],
              [
                81.69758368297397,
                9.47639555792327
              ],
              [
                81.95093037194886,
                9.09637552446096
              ],
              [
                82.14155018864388,
                8.64132097388214
              ],
              [
                82.25988465949092,
                8.134050241495155
              ],
              [
                82.3,
                7.6
              ],
              [
                82.25988465949092,
                7.0659497585048445
              ],
              [
                82.14155018864388,
                6.558679026117861
              ]
            ]
          ],
          [
            [
              [
                88.86373611851022,
                22.506040792565067
              ],
              [
                87.6761735139405,
                21.87267407012788
              ],
              [
                86.25412804338168,
                21.396124528390324
              ],
              [
                84.66890700467235,
                21.100288351272706
              ],
              [
                83.0,
                21.0
              ],
              [
                81.33109299532764,
                21.100288351272706
              ],
              [
                79.74587195661832,
                21.396124528390324
              ],
              [
                78.3238264860595,
                21.872674070127882
              ],
              [
                77.13626388148978,
                22.506040792565067
              ],
              [
                76.24273349073185,
                23.264465043529768
              ],
              [
                75.68804065863633,
                24.109916264174746
              ],
              [
                75.5,
                25.0
              ],
              [
                75.68804065863633,
                25.890083735825257
              ],
              [
                76.24273349073185,
                26.735534956470232
              ],
              [
                77.13626388148978,
                27.493959207434937
              ],
              [
                78.3238264860595,
                28.12732592987212
              ],
              [
                79.74587195661832,
                28.603875471609676
              ],
              [
                81.33109299532764,
                28.899711648727294
              ],
              [
                83.0,
                29.0
              ],
              [
                84.66890700467236,
                28.899711648727294
              ],
              [
                86.25412804338168,
                28.603875471609676
              ],
              [
                87.6761735139405,
                28.127325929872118
              ],
              [
                88.86373611851022,
                27.493959207434933
              ],
              [
                89.75726650926815,
                26.735534956470232
              ],
              [
                90.31195934136367,
                25.890083735825257
              ],
              [
                90.5,
                25.0
              ],
              [
                90.31195934136367,
                24.109916264174743
              ],
              [
                89.75726650926815,
                23.26446504352977
              ],
              [
                88.86373611851022,
                22.506040792565067
              ]
            ]
          ],
          [
            [
              [
                73.90915741234015,
                31.129530594423798
              ],
              [
                73.11744900929367,
                30.65450555259591
              ],
              [
                72.1694186955878,
                30.29709339629274
              ],
              [
                71.11260466978156,
                30.07521626345453
              ],
              [
                70.0,
                30.0
              ],
              [
                68.88739533021842,
                30.07521626345453
              ],
              [
                67.8305813044122,
                30.297093396292745
              ],
              [
                66.88255099070633,
                30.65450555259591
              ],
              [
                66.09084258765985,
                31.129530594423798
              ],
              [
                65.72521081526847,
                31.47867037379752
              ],
              [
                65.17975569573588,
                31.596124528390327
              ],
              [
                63.947316287918234,
                32.07267407012788
              ],
              [
                62.91809536395781,
                32.70604079256507
              ],
              [
                62.14370235863427,
                33.46446504352977
              ],
              [
                61.662968570818144,
                34.309916264174745
              ],
              [
                61.5,
                35.2
              ],
              [
                61.662968570818144,
                36.09008373582526
              ],
              [
                62.14370235863428,
                36.935534956470235
              ],
              [
                62.91809536395781,
                37.693959207434936
              ],
              [
                63.947316287918234,
                38.327325929872124
              ],
              [
                65.17975569573588,
                38.80387547160968
              ],
              [
                66.55361392928396,
                39.0997116487273
              ],
              [
                68.0,
                39.2
              ],
              [
                69.44638607071604,
                39.0997116487273
              ],
              [
                70.82024430426412,
                38.80387547160968
              ],
              [
                71.12021104153422,
                38.687886798839386
              ],
              [
                71.0,
                39.2
              ],
              [
                71.12536043909088,
                39.734050241495154
              ],
              [
                71.49515566048791,
                40.24132097388214
              ],
              [
                72.09084258765985,
                40.69637552446096
              ],
              [
                72.88255099070633,
                41.07639555792328
              ],
              [
                73.8305813044122,
                41.362325282965806
              ],
              [
                74.08676056577893,
                41.40535296323248
              ],
              [
                74.96351665778774,
                41.8704694055762
              ],
              [
                76.3885917832714,
                42.34549444740409
              ],
              [
                78.09504634794197,
                42.702906603707255
              ],
              [
                79.99731159439317,
                42.92478373654547
              ],
              [
                82.0,
                43.0
              ],
              [
                84.00268840560683,
                42.92478373654547
              ],
              [
                85.90495365205803,
                42.702906603707255
              ],
              [
                87.6114082167286,
                42.34549444740409
              ],
              [
                89.03648334221226,
                41.8704694055762
              ],
              [
                90.10871981112177,
                41.30165121735268
              ],
              [
                90.77435120963641,
                40.66756280186895
              ],
              [
                91.0,
                40.0
              ],
              [
                90.77435120963641,
                39.33243719813105
              ],
              [
                90.10871981112177,
                38.69834878264733
              ],
              [
                89.03648334221226,
                38.1295305944238
              ],
              [
                87.6114082167286,
                37.65450555259591
              ],
              [
                85.90495365205803,
                37.297093396292745
              ],
              [
                84.00268840560682,
                37.07521626345453
              ],
              [
                82.0,
                37.0
              ],
              [
                79.99731159439317,
                37.07521626345453
              ],
              [
                78.76893712937576,
                37.218491868609064
              ],
              [
                78.1694186955878,
                37.0376747170342
              ],
              [
                77.11260466978156,
                36.860173010763624
              ],
              [
                76.0,
                36.800000000000004
              ],
              [
                74.88739533021842,
                36.860173010763624
              ],
              [
                73.8305813044122,
                37.0376747170342
              ],
              [
                73.7170425661142,
                37.07191845349904
              ],
              [
                73.85629764136573,
                36.935534956470235
              ],
              [
                74.33703142918185,
                36.09008373582526
              ],
              [
                74.5,
                35.2
              ],
              [
                74.36071670814471,
                34.439277904136894
              ],
              [
                74.50484433951209,
                34.30165121735268
              ],
              [
                74.87463956090912,
                33.66756280186895
              ],
              [
                75.0,
                33.0
              ],
              [
                74.87463956090912,
                32.33243719813105
              ],
              [
                74.50484433951209,
                31.69834878264733
              ],
              [
                73.90915741234015,
                31.129530594423798
              ]
            ]
          ]
        ]
      }
    },
    {
      "type": "Feature",
      "properties": {
        "id": "christian",
        "style": "fill",
        "year": 400
      },
      "geometry": {
        "type": "Polygon",
        "coordinates": [
          [
            [
              35.48466839603639,
              28.37962979052915
            ],
            [
              35.6,
              27.0
            ],
            [
              35.48466839603639,
              25.62037020947085
            ],
            [
              35.14445679235113,
              24.309920817471145
            ],
            [
              34.59642481935293,
              23.134363228475852
            ],
            [
              33.86805308855017,
              22.152644808698213
            ],
            [
              32.995865199940766,
              21.413993019005
            ],
            [
              32.02359629619904,
              20.95544694447269
            ],
            [
              31.0,
              20.8
            ],
            [
              29.976403703800955,
              20.955446944472694
            ],
            [
              29.004134800059234,
              21.413993019005
            ],
            [
              28.131946911449823,
              22.152644808698216
            ],
            [
              27.403575180647064,
              23.13436322847585
            ],
            [
              26.85554320764887,
              24.30992081747114
            ],
            [
              26.51533160396361,
              25.620370209470853
            ],
            [
              26.4,
              27.0
            ],
            [
              26.51533160396361,
              28.379629790529147
            ],
            [
              26.756295392149596,
              29.30778993057658
            ],
            [
              24.518122377695196,
              30.245348140255764
            ],
            [
              22.618022210383643,
              31.51208158513013
            ],
            [
              21.18837358517097,
              33.028930087059535
            ],
            [
              20.300865053818114,
              34.71983252834949
            ],
            [
              20.0,
              36.5
            ],
            [
              20.300865053818114,
              38.280167471650515
            ],
            [
              21.18837358517097,
              39.971069912940465
            ],
            [
              22.618022210383646,
              41.487918414869874
            ],
            [
              24.5181223776952,
              42.75465185974424
            ],
            [
              26.793395130589303,
              43.70775094321935
            ],
            [
              29.329748792524228,
              44.29942329745459
            ],
            [
              32.0,
              44.5
            ],
            [
              34.67025120747577,
              44.29942329745459
            ],
            [
              37.2066048694107,
              43.70775094321935
            ],
            [
              39.4818776223048,
              42.754651859744236
            ],
            [
              41.38197778961636,
              41.48791841486987
            ],
            [
              41.87688805502081,
              40.96282163134619
            ],
            [
              41.97728716987323,
              41.16776747823511
            ],
            [
              42.310871849089516,
              41.54697960371747
            ],
            [
              42.754228554795546,
              41.863662964936054
            ],
            [
              43.285125530470836,
              42.10193773580484
            ],
            [
              43.87694138492232,
              42.24985582436364
            ],
            [
              44.5,
              42.3
            ],
            [
              45.12305861507768,
              42.24985582436364
            ],
            [
              45.714874469529164,
              42.10193773580484
            ],
            [
              46.245771445204454,
              41.863662964936054
            ],
            [
              46.689128150910484,
              41.54697960371747
            ],
            [
              47.02271283012677,
              41.16776747823511
            ],
            [
              47.229798154109105,
              40.745041867912626
            ],
            [
              47.3,
              40.3
            ],
            [
              47.229798154109105,
              39.85495813208737
            ],
            [
              47.02271283012677,
              39.43223252176488
            ],
            [
              46.689128150910484,
              39.05302039628253
            ],
            [
              46.245771445204454,
              38.73633703506394
            ],
            [
              45.714874469529164,
              38.498062264195156
            ],
            [
              45.123058615077674,
              38.35014417563635
            ],
            [
              44.5,
              38.3
            ],
            [
              43.87694138492232,
              38.35014417563635
            ],
            [
              43.63001236581435,
              38.41186146191961
            ],
            [
              43.699134946181886,
              38.280167471650515
            ],
            [
              44.0,
              36.5
            ],
            [
              43.699134946181886,
              34.719832528349485
            ],
            [
              42.811626414829036,
              33.02893008705954
            ],
            [
              41.38197778961636,
              31.51208158513013
            ],
            [
              39.4818776223048,
              30.24534814025576
            ],
            [
              37.2066048694107,
              29.292249056780648
            ],
            [
              35.359597722790795,
              28.861385221373634
            ],
            [
              35.48466839603639,
              28.37962979052915
            ]
          ]
        ]
      }
    },
    {
      "type": "Feature",
      "properties": {
        "id": "christian",
        "style": "hatch",
        "year": 400
      },
      "geometry": {
        "type": "MultiPolygon",
        "coordinates": [
          [
            [
              [
                40.66232528296581,
                13.67190227829435
              ],
              [
                40.376395557923274,
                13.178926515167293
              ],
              [
                39.99637552446096,
                12.767238145583123
              ],
              [
                39.54132097388214,
                12.45748094345371
              ],
              [
                39.03405024149515,
                12.265187428327259
              ],
              [
                38.5,
                12.200000000000001
              ],
              [
                37.96594975850485,
                12.265187428327259
              ],
              [
                37.45867902611786,
                12.45748094345371
              ],
              [
                37.00362447553904,
                12.767238145583123
              ],
              [
                36.623604442076726,
                13.178926515167293
              ],
              [
                36.3376747170342,
                13.67190227829435
              ],
              [
                36.16017301076362,
                14.221445571713584
              ],
              [
                36.1,
                14.8
              ],
              [
                36.16017301076362,
                15.378554428286417
              ],
              [
                36.3376747170342,
                15.928097721705653
              ],
              [
                36.623604442076726,
                16.42107348483271
              ],
              [
                37.00362447553904,
                16.83276185441688
              ],
              [
                37.45867902611786,
                17.14251905654629
              ],
              [
                37.96594975850485,
                17.334812571672742
              ],
              [
                38.5,
                17.400000000000002
              ],
              [
                39.03405024149515,
                17.334812571672742
              ],
              [
                39.54132097388214,
                17.14251905654629
              ],
              [
                39.99637552446096,
                16.83276185441688
              ],
              [
                40.376395557923274,
                16.421073484832707
              ],
              [
                40.6623252829658,
                15.928097721705651
              ],
              [
                40.83982698923638,
                15.378554428286417
              ],
              [
                40.9,
                14.8
              ],
              [
                40.83982698923638,
                14.221445571713582
              ],
              [
                40.66232528296581,
                13.67190227829435
              ]
            ]
          ],
          [
            [
              [
                33.963662964936056,
                16.828322435910785
              ],
              [
                33.64697960371747,
                16.479970738570334
              ],
              [
                33.267767478235115,
                16.217868490614677
              ],
              [
                32.84504186791263,
                16.055158593199987
              ],
              [
                32.4,
                16.0
              ],
              [
                31.95495813208737,
                16.055158593199987
              ],
              [
                31.532232521764882,
                16.217868490614677
              ],
              [
                31.153020396282532,
                16.479970738570334
              ],
              [
                30.836337035063938,
                16.828322435910785
              ],
              [
                30.59806226419516,
                17.245455773941373
              ],
              [
                30.45014417563635,
                17.71045394529611
              ],
              [
                30.4,
                18.2
              ],
              [
                30.45014417563635,
                18.68954605470389
              ],
              [
                30.59806226419516,
                19.15454422605863
              ],
              [
                30.83633703506394,
                19.571677564089214
              ],
              [
                31.153020396282532,
                19.920029261429665
              ],
              [
                31.532232521764882,
                20.18213150938532
              ],
              [
                31.95495813208737,
                20.34484140680001
              ],
              [
                32.4,
                20.4
              ],
              [
                32.84504186791263,
                20.34484140680001
              ],
              [
                33.267767478235115,
                20.18213150938532
              ],
              [
                33.64697960371747,
                19.920029261429665
              ],
              [
                33.963662964936056,
                19.571677564089214
              ],
              [
                34.20193773580484,
                19.154544226058626
              ],
              [
                34.349855824363644,
                18.68954605470389
              ],
              [
                34.4,
                18.2
              ],
              [
                34.349855824363644,
                17.710453945296106
              ],
              [
                34.20193773580484,
                17.245455773941373
              ],
              [
                33.963662964936056,
                16.828322435910785
              ]
            ]
          ],
          [
            [
              [
                12.783692226365725,
                33.90362447553904
              ],
              [
                12.118657167806681,
                33.523604442076724
              ],
              [
                11.322311704293744,
                33.237674717034196
              ],
              [
                10.434587922616515,
                33.06017301076362
              ],
              [
                9.5,
                33.0
              ],
              [
                8.56541207738348,
                33.06017301076362
              ],
              [
                7.677688295706255,
                33.237674717034196
              ],
              [
                6.881342832193319,
                33.523604442076724
              ],
              [
                6.216307773634275,
                33.90362447553904
              ],
              [
                5.71593075480984,
                34.35867902611786
              ],
              [
                5.40530276883634,
                34.86594975850485
              ],
              [
                5.3,
                35.4
              ],
              [
                5.40530276883634,
                35.93405024149515
              ],
              [
                5.71593075480984,
                36.441320973882135
              ],
              [
                6.216307773634276,
                36.89637552446096
              ],
              [
                6.881342832193319,
                37.27639555792327
              ],
              [
                7.677688295706256,
                37.5623252829658
              ],
              [
                8.56541207738348,
                37.73982698923638
              ],
              [
                9.5,
                37.8
              ],
              [
                10.43458792261652,
                37.73982698923638
              ],
              [
                11.322311704293744,
                37.5623252829658
              ],
              [
                12.118657167806681,
                37.27639555792327
              ],
              [
                12.783692226365725,
                36.89637552446096
              ],
              [
                13.28406924519016,
                36.441320973882135
              ],
              [
                13.59469723116366,
                35.93405024149515
              ],
              [
                13.7,
                35.4
              ],
              [
                13.594697231163659,
                34.86594975850484
              ],
              [
                13.284069245190162,
                34.35867902611786
              ],
              [
                12.783692226365725,
                33.90362447553904
              ]
            ]
          ],
          [
            [
              [
                0.1850381130925811,
                37.07190227829435
              ],
              [
                -0.43447629116624586,
                36.578926515167296
              ],
              [
                -1.2578530303345863,
                36.16723814558313
              ],
              [
                -2.2438045565886986,
                35.857480943453716
              ],
              [
                -3.3428911434271704,
                35.66518742832726
              ],
              [
                -4.500000000000001,
                35.6
              ],
              [
                -5.657108856572836,
                35.66518742832726
              ],
              [
                -6.756195443411303,
                35.857480943453716
              ],
              [
                -7.7421469696654155,
                36.16723814558313
              ],
              [
                -8.565523708833755,
                36.578926515167296
              ],
              [
                -9.18503811309258,
                37.07190227829435
              ],
              [
                -9.569625143345483,
                37.621445571713586
              ],
              [
                -9.7,
                38.2
              ],
              [
                -9.569625143345483,
                38.77855442828642
              ],
              [
                -9.18503811309258,
                39.32809772170565
              ],
              [
                -8.565523708833753,
                39.82107348483271
              ],
              [
                -7.742146969665415,
                40.23276185441688
              ],
              [
                -6.756195443411302,
                40.54251905654629
              ],
              [
                -5.657108856572835,
                40.73481257167275
              ],
              [
                -4.5,
                40.800000000000004
              ],
              [
                -3.342891143427165,
                40.73481257167275
              ],
              [
                -2.2438045565886973,
                40.54251905654629
              ],
              [
                -1.2578530303345854,
                40.23276185441688
              ],
              [
                -0.434476291166245,
                39.82107348483271
              ],
              [
                0.18503811309257934,
                39.32809772170565
              ],
              [
                0.5696251433454833,
                38.77855442828642
              ],
              [
                0.7000000000000002,
                38.2
              ],
              [
                0.5696251433454824,
                37.621445571713586
              ],
              [
                0.1850381130925811,
                37.07190227829435
              ]
            ]
          ],
          [
            [
              [
                15.52732592987212,
                39.38134283219332
              ],
              [
                14.893959207434934,
                38.71630777363428
              ],
              [
                14.135534956470233,
                38.21593075480984
              ],
              [
                13.290083735825254,
                37.905302768836336
              ],
              [
                12.4,
                37.8
              ],
              [
                11.509916264174741,
                37.90530276883634
              ],
              [
                10.664465043529766,
                38.21593075480984
              ],
              [
                9.906040792565065,
                38.71630777363428
              ],
              [
                9.272674070127882,
                39.38134283219332
              ],
              [
                8.796124528390324,
                40.177688295706254
              ],
              [
                8.500288351272705,
                41.065412077383485
              ],
              [
                8.4,
                42.0
              ],
              [
                8.500288351272705,
                42.93458792261652
              ],
              [
                8.796124528390324,
                43.822311704293746
              ],
              [
                9.272674070127882,
                44.61865716780668
              ],
              [
                9.906040792565067,
                45.28369222636572
              ],
              [
                10.664465043529768,
                45.78406924519016
              ],
              [
                11.509916264174743,
                46.09469723116366
              ],
              [
                12.4,
                46.2
              ],
              [
                13.290083735825258,
                46.09469723116366
              ],
              [
                14.135534956470233,
                45.78406924519016
              ],
              [
                14.893959207434936,
                45.28369222636572
              ],
              [
                15.52732592987212,
                44.61865716780668
              ],
              [
                16.00387547160968,
                43.822311704293746
              ],
              [
                16.299711648727296,
                42.93458792261652
              ],
              [
                16.4,
                42.0
              ],
              [
                16.299711648727296,
                41.06541207738348
              ],
              [
                16.00387547160968,
                40.17768829570626
              ],
              [
                15.52732592987212,
                39.38134283219332
              ]
            ]
          ],
          [
            [
              [
                7.0964248193529365,
                41.978926515167295
              ],
              [
                6.368053088550173,
                41.567238145583126
              ],
              [
                5.495865199940766,
                41.257480943453714
              ],
              [
                4.523596296199042,
                41.065187428327256
              ],
              [
                3.499999999999999,
                41.0
              ],
              [
                2.476403703800953,
                41.06518742832726
              ],
              [
                1.504134800059232,
                41.257480943453714
              ],
              [
                0.6319469114498251,
                41.567238145583126
              ],
              [
                -0.09642481935293601,
                41.978926515167295
              ],
              [
                -0.6444567923511277,
                42.47190227829435
              ],
              [
                -0.9846683960363887,
                43.021445571713585
              ],
              [
                -1.0999999999999996,
                43.6
              ],
              [
                -0.9846683960363887,
                44.17855442828642
              ],
              [
                -0.6444567923511269,
                44.72809772170565
              ],
              [
                -0.09642481935293512,
                45.22107348483271
              ],
              [
                0.6319469114498264,
                45.63276185441688
              ],
              [
                1.504134800059233,
                45.94251905654629
              ],
              [
                2.476403703800954,
                46.13481257167274
              ],
              [
                3.5000000000000004,
                46.2
              ],
              [
                4.523596296199046,
                46.13481257167274
              ],
              [
                5.495865199940767,
                45.94251905654629
              ],
              [
                6.368053088550175,
                45.63276185441688
              ],
              [
                7.0964248193529365,
                45.22107348483271
              ],
              [
                7.644456792351128,
                44.72809772170565
              ],
              [
                7.984668396036389,
                44.17855442828642
              ],
              [
                8.1,
                43.6
              ],
              [
                7.984668396036388,
                43.021445571713585
              ],
              [
                7.644456792351129,
                42.47190227829435
              ],
              [
                7.0964248193529365,
                41.978926515167295
              ]
            ]
          ]
        ]
      }
    },
    {
      "type": "Feature",
      "properties": {
        "id": "roman_pagan",
        "style": "hatch",
        "year": 400
      },
      "geometry": {
        "type": "Polygon",
        "coordinates": [
          [
            [
              -0.8149618869074189,
              40.23801853917679
            ],
            [
              -1.4344762911662459,
              39.55543671330855
            ],
            [
              -2.2578530303345863,
              38.985406663115086
            ],
            [
              -3.2438045565886986,
              38.55651207555129
            ],
            [
              -4.34289114342717,
              38.29025951614543
            ],
            [
              -5.500000000000001,
              38.199999999999996
            ],
            [
              -6.657108856572836,
              38.29025951614543
            ],
            [
              -7.756195443411303,
              38.55651207555129
            ],
            [
              -8.742146969665416,
              38.98540666311509
            ],
            [
              -9.565523708833755,
              39.55543671330855
            ],
            [
              -10.18503811309258,
              40.238018539176785
            ],
            [
              -10.569625143345483,
              40.99892463775727
            ],
            [
              -10.7,
              41.8
            ],
            [
              -10.569625143345483,
              42.601075362242725
            ],
            [
              -10.18503811309258,
              43.36198146082321
            ],
            [
              -9.565523708833753,
              44.04456328669144
            ],
            [
              -8.742146969665415,
              44.61459333688491
            ],
            [
              -7.756195443411302,
              45.043487924448705
            ],
            [
              -6.657108856572835,
              45.30974048385456
            ],
            [
              -5.5,
              45.4
            ],
            [
              -4.440226555686255,
              45.317333068739224
            ],
            [
              -4.806782075316934,
              45.71735805223572
            ],
            [
              -5.324495385272766,
              46.731899517009694
            ],
            [
              -5.5,
              47.8
            ],
            [
              -5.324495385272766,
              48.86810048299031
            ],
            [
              -4.806782075316933,
              49.88264194776428
            ],
            [
              -4.4434261462174955,
              50.279175192408374
            ],
            [
              -4.843487924448709,
              50.95124179135328
            ],
            [
              -5.109740483854566,
              51.75442045096601
            ],
            [
              -5.2,
              52.6
            ],
            [
              -5.109740483854566,
              53.445579549033994
            ],
            [
              -4.843487924448709,
              54.24875820864672
            ],
            [
              -4.414593336884906,
              54.96926124706319
            ],
            [
              -3.8445632866914408,
              55.570959633378514
            ],
            [
              -3.161981460823209,
              56.02368169802919
            ],
            [
              -2.401075362242732,
              56.30472606629093
            ],
            [
              -1.5999999999999999,
              56.4
            ],
            [
              -0.7989246377572681,
              56.30472606629093
            ],
            [
              -0.038018539176790656,
              56.02368169802919
            ],
            [
              0.644563286691441,
              55.570959633378514
            ],
            [
              1.2145933368849073,
              54.96926124706319
            ],
            [
              1.643487924448709,
              54.24875820864672
            ],
            [
              1.909740483854565,
              53.445579549033994
            ],
            [
              2.0,
              52.6
            ],
            [
              1.995910178289682,
              52.56168526328163
            ],
            [
              3.0576465376942012,
              52.479653978472754
            ],
            [
              4.537186173822907,
              52.12465056593161
            ],
            [
              5.864428613011135,
              51.55279111584654
            ],
            [
              6.972820377276209,
              50.792751048921915
            ],
            [
              7.806782075316934,
              49.88264194776428
            ],
            [
              8.324495385272765,
              48.86810048299031
            ],
            [
              8.5,
              47.8
            ],
            [
              8.348659827423903,
              46.87896147531167
            ],
            [
              8.506040792565067,
              46.98912815091048
            ],
            [
              9.264465043529768,
              47.32271283012677
            ],
            [
              10.109916264174743,
              47.5297981541091
            ],
            [
              11.0,
              47.599999999999994
            ],
            [
              11.890083735825257,
              47.5297981541091
            ],
            [
              12.735534956470232,
              47.32271283012677
            ],
            [
              13.493959207434933,
              46.98912815091048
            ],
            [
              14.12732592987212,
              46.54577144520445
            ],
            [
              14.549348961760243,
              46.07561937984351
            ],
            [
              14.693217924683067,
              46.322311704293746
            ],
            [
              15.527179622723793,
              47.11865716780668
            ],
            [
              16.635571386988865,
              47.78369222636572
            ],
            [
              17.962813826177094,
              48.28406924519016
            ],
            [
              19.4423534623058,
              48.59469723116366
            ],
            [
              21.0,
              48.7
            ],
            [
              22.5576465376942,
              48.59469723116366
            ],
            [
              24.037186173822906,
              48.28406924519016
            ],
            [
              25.364428613011135,
              47.78369222636572
            ],
            [
              26.472820377276207,
              47.11865716780668
            ],
            [
              27.306782075316935,
              46.322311704293746
            ],
            [
              27.824495385272765,
              45.43458792261652
            ],
            [
              28.0,
              44.5
            ],
            [
              27.824495385272765,
              43.56541207738348
            ],
            [
              27.306782075316935,
              42.67768829570626
            ],
            [
              26.472820377276207,
              41.88134283219332
            ],
            [
              25.364428613011135,
              41.21630777363428
            ],
            [
              24.037186173822906,
              40.71593075480984
            ],
            [
              22.557646537694193,
              40.405302768836336
            ],
            [
              21.0,
              40.3
            ],
            [
              19.442353462305796,
              40.40530276883634
            ],
            [
              17.96281382617709,
              40.71593075480984
            ],
            [
              16.635571386988865,
              41.21630777363428
            ],
            [
              15.527179622723793,
              41.88134283219332
            ],
            [
              14.693217924683065,
              42.677688295706254
            ],
            [
              14.337240773141346,
              43.28808284628148
            ],
            [
              14.127325929872118,
              43.05422855479554
            ],
            [
              13.493959207434933,
              42.61087184908951
            ],
            [
              12.735534956470232,
              42.277287169873226
            ],
            [
              11.890083735825254,
              42.07020184589089
            ],
            [
              11.0,
              42.0
            ],
            [
              10.10991626417474,
              42.07020184589089
            ],
            [
              9.264465043529768,
              42.277287169873226
            ],
            [
              8.506040792565065,
              42.61087184908951
            ],
            [
              7.872674070127882,
              43.05422855479554
            ],
            [
              7.396124528390324,
              43.58512553047083
            ],
            [
              7.100288351272705,
              44.176941384922316
            ],
            [
              7.0,
              44.8
            ],
            [
              7.007207121612831,
              44.84477548143728
            ],
            [
              6.972820377276208,
              44.80724895107807
            ],
            [
              5.864428613011134,
              44.047208884153456
            ],
            [
              4.537186173822906,
              43.475349434068384
            ],
            [
              3.0576465376941933,
              43.12034602152724
            ],
            [
              1.4999999999999987,
              43.0
            ],
            [
              -0.05764653769420214,
              43.12034602152724
            ],
            [
              -0.7804943794508147,
              43.29378743823916
            ],
            [
              -0.4303748566545167,
              42.60107536224273
            ],
            [
              -0.2999999999999998,
              41.8
            ],
            [
              -0.4303748566545176,
              40.99892463775726
            ],
            [
              -0.8149618869074189,
              40.23801853917679
            ]
          ]
        ]
      }
    },
    {
      "type": "Feature",
      "properties": {
        "id": "manichaean",
        "style": "hatch",
        "year": 400
      },
      "geometry": {
        "type": "Polygon",
        "coordinates": [
          [
            [
              53.0,
              33.2
            ],
            [
              52.87463956090912,
              33.91206698866021
            ],
            [
              52.5048443395121,
              34.58842796517619
            ],
            [
              51.90915741234015,
              35.19516736594795
            ],
            [
              51.117449009293665,
              35.7018607438977
            ],
            [
              50.169418695587794,
              36.08310037728774
            ],
            [
              49.112604669781575,
              36.31976931898184
            ],
            [
              48.0,
              36.400000000000006
            ],
            [
              46.887395330218425,
              36.31976931898184
            ],
            [
              45.830581304412206,
              36.08310037728774
            ],
            [
              44.882550990706335,
              35.7018607438977
            ],
            [
              44.09084258765985,
              35.19516736594795
            ],
            [
              43.4951556604879,
              34.58842796517619
            ],
            [
              43.12536043909088,
              33.91206698866021
            ],
            [
              43.0,
              33.2
            ],
            [
              43.12536043909088,
              32.4879330113398
            ],
            [
              43.4951556604879,
              31.81157203482382
            ],
            [
              44.09084258765985,
              31.204832634052053
            ],
            [
              44.882550990706335,
              30.69813925610231
            ],
            [
              45.830581304412206,
              30.316899622712263
            ],
            [
              46.887395330218425,
              30.08023068101817
            ],
            [
              48.0,
              30.000000000000004
            ],
            [
              49.11260466978157,
              30.080230681018165
            ],
            [
              50.16941869558779,
              30.31689962271226
            ],
            [
              51.117449009293665,
              30.69813925610231
            ],
            [
              51.90915741234015,
              31.204832634052053
            ],
            [
              52.5048443395121,
              31.81157203482382
            ],
            [
              52.87463956090912,
              32.4879330113398
            ],
            [
              53.0,
              33.2
            ]
          ]
        ]
      }
    },
    {
      "type": "Feature",
      "properties": {
        "id": "buddhist",
        "style": "hatch",
        "year": 400
      },
      "geometry": {
        "type": "Polygon",
        "coordinates": [
          [
            [
              116.5,
              33.5
            ],
            [
              116.33703142918185,
              34.39008373582526
            ],
            [
              115.85629764136573,
              35.23553495647023
            ],
            [
              115.0819046360422,
              35.99395920743493
            ],
            [
              114.05268371208177,
              36.62732592987212
            ],
            [
              112.82024430426412,
              37.103875471609676
            ],
            [
              111.44638607071604,
              37.3997116487273
            ],
            [
              110.0,
              37.5
            ],
            [
              108.55361392928396,
              37.3997116487273
            ],
            [
              107.17975569573588,
              37.103875471609676
            ],
            [
              105.94731628791823,
              36.62732592987212
            ],
            [
              104.9180953639578,
              35.99395920743493
            ],
            [
              104.14370235863427,
              35.23553495647023
            ],
            [
              103.66296857081815,
              34.39008373582526
            ],
            [
              103.5,
              33.5
            ],
            [
              103.66296857081815,
              32.60991626417474
            ],
            [
              104.14370235863427,
              31.764465043529768
            ],
            [
              104.9180953639578,
              31.006040792565067
            ],
            [
              105.94731628791823,
              30.372674070127882
            ],
            [
              107.17975569573588,
              29.896124528390324
            ],
            [
              108.55361392928396,
              29.600288351272706
            ],
            [
              110.0,
              29.5
            ],
            [
              111.44638607071603,
              29.600288351272706
            ],
            [
              112.82024430426412,
              29.896124528390324
            ],
            [
              114.05268371208177,
              30.37267407012788
            ],
            [
              115.0819046360422,
              31.006040792565067
            ],
            [
              115.85629764136573,
              31.76446504352977
            ],
            [
              116.33703142918185,
              32.60991626417474
            ],
            [
              116.5,
              33.5
            ]
          ]
        ]
      }
    },
    {
      "type": "Feature",
      "properties": {
        "id": "jewish",
        "style": "spot",
        "year": 400
      },
      "geometry": {
        "type": "MultiPolygon",
        "coordinates": [
          [
            [
              [
                30.262368169802922,
                31.078512553047084
              ],
              [
                30.217095963337854,
                31.025422855479555
              ],
              [
                30.15692612470632,
                30.98108718490895
              ],
              [
                30.084875820864674,
                30.94772871698732
              ],
              [
                30.0045579549034,
                30.92702018458909
              ],
              [
                29.92,
                30.919999999999998
              ],
              [
                29.835442045096602,
                30.92702018458909
              ],
              [
                29.75512417913533,
                30.94772871698732
              ],
              [
                29.683073875293683,
                30.98108718490895
              ],
              [
                29.62290403666215,
                31.025422855479555
              ],
              [
                29.57763183019708,
                31.078512553047084
              ],
              [
                29.54952739337091,
                31.137694138492233
              ],
              [
                29.540000000000003,
                31.2
              ],
              [
                29.54952739337091,
                31.262305861507766
              ],
              [
                29.57763183019708,
                31.321487446952915
              ],
              [
                29.62290403666215,
                31.374577144520444
              ],
              [
                29.683073875293683,
                31.418912815091048
              ],
              [
                29.75512417913533,
                31.452271283012678
              ],
              [
                29.835442045096602,
                31.47297981541091
              ],
              [
                29.92,
                31.48
              ],
              [
                30.0045579549034,
                31.47297981541091
              ],
              [
                30.084875820864674,
                31.452271283012678
              ],
              [
                30.15692612470632,
                31.418912815091048
              ],
              [
                30.217095963337854,
                31.374577144520444
              ],
              [
                30.262368169802922,
                31.321487446952915
              ],
              [
                30.290472606629095,
                31.262305861507766
              ],
              [
                30.3,
                31.2
              ],
              [
                30.290472606629095,
                31.137694138492233
              ],
              [
                30.262368169802922,
                31.078512553047084
              ]
            ]
          ],
          [
            [
              [
                35.63000731535742,
                31.23238264860595
              ],
              [
                35.54291939102231,
                31.113626388148976
              ],
              [
                35.43863605651466,
                31.024273349073184
              ],
              [
                35.32238651367597,
                30.96880406586363
              ],
              [
                35.2,
                30.95
              ],
              [
                35.07761348632403,
                30.968804065863633
              ],
              [
                34.961363943485345,
                31.024273349073184
              ],
              [
                34.8570806089777,
                31.113626388148976
              ],
              [
                34.76999268464259,
                31.23238264860595
              ],
              [
                34.704467122653675,
                31.37458719566183
              ],
              [
                34.663789648299996,
                31.533109299532764
              ],
              [
                34.650000000000006,
                31.7
              ],
              [
                34.663789648299996,
                31.866890700467234
              ],
              [
                34.704467122653675,
                32.02541280433817
              ],
              [
                34.76999268464259,
                32.16761735139405
              ],
              [
                34.8570806089777,
                32.28637361185102
              ],
              [
                34.961363943485345,
                32.375726650926815
              ],
              [
                35.07761348632403,
                32.43119593413637
              ],
              [
                35.2,
                32.45
              ],
              [
                35.32238651367597,
                32.43119593413637
              ],
              [
                35.43863605651466,
                32.375726650926815
              ],
              [
                35.54291939102231,
                32.28637361185102
              ],
              [
                35.63000731535742,
                32.16761735139405
              ],
              [
                35.69553287734633,
                32.02541280433817
              ],
              [
                35.73621035170001,
                31.866890700467234
              ],
              [
                35.75,
                31.7
              ],
              [
                35.73621035170001,
                31.533109299532764
              ],
              [
                35.69553287734633,
                31.37458719566183
              ],
              [
                35.63000731535742,
                31.23238264860595
              ]
            ]
          ],
          [
            [
              [
                45.036373611851026,
                32.157080608977694
              ],
              [
                44.91761735139405,
                32.069992684642585
              ],
              [
                44.775412804338174,
                32.00446712265367
              ],
              [
                44.61689070046724,
                31.963789648299997
              ],
              [
                44.45,
                31.95
              ],
              [
                44.28310929953277,
                31.963789648299997
              ],
              [
                44.12458719566183,
                32.00446712265367
              ],
              [
                43.982382648605956,
                32.069992684642585
              ],
              [
                43.86362638814898,
                32.157080608977694
              ],
              [
                43.77427334907319,
                32.26136394348534
              ],
              [
                43.71880406586364,
                32.37761348632403
              ],
              [
                43.7,
                32.5
              ],
              [
                43.71880406586364,
                32.62238651367597
              ],
              [
                43.77427334907319,
                32.73863605651466
              ],
              [
                43.86362638814898,
                32.842919391022306
              ],
              [
                43.982382648605956,
                32.930007315357415
              ],
              [
                44.12458719566183,
                32.99553287734633
              ],
              [
                44.28310929953277,
                33.03621035170001
              ],
              [
                44.45,
                33.05
              ],
              [
                44.61689070046724,
                33.03621035170001
              ],
              [
                44.775412804338174,
                32.99553287734633
              ],
              [
                44.91761735139405,
                32.930007315357415
              ],
              [
                45.036373611851026,
                32.842919391022306
              ],
              [
                45.125726650926815,
                32.73863605651466
              ],
              [
                45.18119593413637,
                32.62238651367597
              ],
              [
                45.2,
                32.5
              ],
              [
                45.18119593413637,
                32.37761348632403
              ],
              [
                45.125726650926815,
                32.26136394348534
              ],
              [
                45.036373611851026,
                32.157080608977694
              ]
            ]
          ],
          [
            [
              [
                22.130290660370726,
                32.72454557739414
              ],
              [
                22.09454944474041,
                32.68283224359108
              ],
              [
                22.04704694055762,
                32.647997073857034
              ],
              [
                21.990165121735266,
                32.621786849061465
              ],
              [
                21.926756280186893,
                32.60551585932
              ],
              [
                21.86,
                32.6
              ],
              [
                21.793243719813105,
                32.60551585932
              ],
              [
                21.729834878264732,
                32.621786849061465
              ],
              [
                21.672953059442378,
                32.647997073857034
              ],
              [
                21.62545055525959,
                32.68283224359108
              ],
              [
                21.589709339629273,
                32.72454557739414
              ],
              [
                21.567521626345453,
                32.77104539452961
              ],
              [
                21.56,
                32.82
              ],
              [
                21.567521626345453,
                32.86895460547039
              ],
              [
                21.589709339629273,
                32.91545442260586
              ],
              [
                21.62545055525959,
                32.95716775640892
              ],
              [
                21.672953059442378,
                32.992002926142966
              ],
              [
                21.729834878264732,
                33.018213150938536
              ],
              [
                21.793243719813105,
                33.03448414068
              ],
              [
                21.86,
                33.04
              ],
              [
                21.926756280186893,
                33.03448414068
              ],
              [
                21.990165121735266,
                33.018213150938536
              ],
              [
                22.04704694055762,
                32.992002926142966
              ],
              [
                22.09454944474041,
                32.95716775640892
              ],
              [
                22.130290660370726,
                32.91545442260586
              ],
              [
                22.152478373654546,
                32.86895460547039
              ],
              [
                22.16,
                32.82
              ],
              [
                22.152478373654546,
                32.77104539452961
              ],
              [
                22.130290660370726,
                32.72454557739414
              ]
            ]
          ],
          [
            [
              [
                28.29018607438977,
                38.34036244755391
              ],
              [
                28.239516736594794,
                38.30236044420767
              ],
              [
                28.178842796517618,
                38.27376747170342
              ],
              [
                28.11120669886602,
                38.25601730107636
              ],
              [
                28.04,
                38.25
              ],
              [
                27.968793301133978,
                38.25601730107636
              ],
              [
                27.90115720348238,
                38.27376747170342
              ],
              [
                27.840483263405204,
                38.30236044420767
              ],
              [
                27.78981392561023,
                38.34036244755391
              ],
              [
                27.751689962271225,
                38.385867902611785
              ],
              [
                27.728023068101816,
                38.43659497585049
              ],
              [
                27.72,
                38.49
              ],
              [
                27.728023068101816,
                38.543405024149514
              ],
              [
                27.751689962271225,
                38.59413209738822
              ],
              [
                27.78981392561023,
                38.639637552446096
              ],
              [
                27.840483263405204,
                38.67763955579233
              ],
              [
                27.90115720348238,
                38.70623252829658
              ],
              [
                27.968793301133978,
                38.72398269892364
              ],
              [
                28.04,
                38.730000000000004
              ],
              [
                28.11120669886602,
                38.72398269892364
              ],
              [
                28.178842796517618,
                38.70623252829658
              ],
              [
                28.239516736594794,
                38.67763955579233
              ],
              [
                28.29018607438977,
                38.639637552446096
              ],
              [
                28.328310037728773,
                38.59413209738822
              ],
              [
                28.351976931898182,
                38.543405024149514
              ],
              [
                28.36,
                38.49
              ],
              [
                28.351976931898182,
                38.43659497585049
              ],
              [
                28.328310037728773,
                38.385867902611785
              ],
              [
                28.29018607438977,
                38.34036244755391
              ]
            ]
          ],
          [
            [
              [
                12.718912815091048,
                41.76283224359108
              ],
              [
                12.674577144520445,
                41.72799707385703
              ],
              [
                12.621487446952916,
                41.70178684906146
              ],
              [
                12.562305861507769,
                41.68551585932
              ],
              [
                12.5,
                41.68
              ],
              [
                12.437694138492231,
                41.68551585932
              ],
              [
                12.378512553047084,
                41.70178684906146
              ],
              [
                12.325422855479555,
                41.72799707385703
              ],
              [
                12.281087184908952,
                41.76283224359108
              ],
              [
                12.247728716987323,
                41.80454557739414
              ],
              [
                12.22702018458909,
                41.851045394529606
              ],
              [
                12.22,
                41.9
              ],
              [
                12.22702018458909,
                41.94895460547039
              ],
              [
                12.247728716987323,
                41.99545442260586
              ],
              [
                12.281087184908952,
                42.03716775640892
              ],
              [
                12.325422855479555,
                42.072002926142964
              ],
              [
                12.378512553047084,
                42.098213150938534
              ],
              [
                12.437694138492231,
                42.11448414068
              ],
              [
                12.5,
                42.12
              ],
              [
                12.562305861507769,
                42.11448414068
              ],
              [
                12.621487446952916,
                42.098213150938534
              ],
              [
                12.674577144520445,
                42.072002926142964
              ],
              [
                12.718912815091048,
                42.03716775640892
              ],
              [
                12.752271283012677,
                41.99545442260586
              ],
              [
                12.77297981541091,
                41.94895460547039
              ],
              [
                12.78,
                41.9
              ],
              [
                12.77297981541091,
                41.851045394529606
              ],
              [
                12.752271283012677,
                41.80454557739414
              ],
              [
                12.718912815091048,
                41.76283224359108
              ]
            ]
          ]
        ]
      }
    },
    {
      "type": "Feature",
      "properties": {
        "id": "christian",
        "style": "dot",
        "year": 400
      },
      "geometry": {
        "type": "Point",
        "coordinates": [
          35.22,
          31.78
        ]
      }
    },
    {
      "type": "Feature",
      "properties": {
        "id": "christian",
        "style": "dot",
        "year": 400
      },
      "geometry": {
        "type": "Point",
        "coordinates": [
          36.2,
          36.2
        ]
      }
    },
    {
      "type": "Feature",
      "properties": {
        "id": "christian",
        "style": "dot",
        "year": 400
      },
      "geometry": {
        "type": "Point",
        "coordinates": [
          12.48,
          41.9
        ]
      }
    },
    {
      "type": "Feature",
      "properties": {
        "id": "christian",
        "style": "dot",
        "year": 400
      },
      "geometry": {
        "type": "Point",
        "coordinates": [
          29.92,
          31.2
        ]
      }
    },
    {
      "type": "Feature",
      "properties": {
        "id": "christian",
        "style": "dot",
        "year": 400
      },
      "geometry": {
        "type": "Point",
        "coordinates": [
          27.34,
          37.94
        ]
      }
    },
    {
      "type": "Feature",
      "properties": {
        "id": "christian",
        "style": "dot",
        "year": 400
      },
      "geometry": {
        "type": "Point",
        "coordinates": [
          22.93,
          37.94
        ]
      }
    },
    {
      "type": "Feature",
      "properties": {
        "id": "christian",
        "style": "dot",
        "year": 400
      },
      "geometry": {
        "type": "Point",
        "coordinates": [
          10.32,
          36.85
        ]
      }
    },
    {
      "type": "Feature",
      "properties": {
        "id": "christian",
        "style": "dot",
        "year": 400
      },
      "geometry": {
        "type": "Point",
        "coordinates": [
          27.14,
          38.42
        ]
      }
    }
  ]
}