{
  "type": "FeatureCollection",
  "name": "fixplanet-religion-pilot-500",
  "properties": {
    "year": 500,
    "author": "Fix Planet schematic reconstruction",
    "note": "Original artwork. Not a census. Americas/Oceania omitted."
  },
  "features": [
    {
      "type": "Feature",
      "properties": {
        "id": "local_trad",
        "style": "fill",
        "year": 500
      },
      "geometry": {
        "type": "MultiPolygon",
        "coordinates": [
          [
            [
              [
                45.40581320741452,
                11.037186173822906
              ],
              [
                45.84956747309094,
                9.5576465376942
              ],
              [
                46.0,
                8.0
              ],
              [
                45.84956747309094,
                6.442353462305798
              ],
              [
                45.40581320741452,
                4.962813826177097
              ],
              [
                44.69098889480818,
                3.6355713869888637
              ],
              [
                43.740938811152404,
                2.527179622723791
              ],
              [
                42.60330243470535,
                1.693217924683065
              ],
              [
                41.33512560373788,
                1.1755046147272328
              ],
              [
                40.0,
                1.0
              ],
              [
                38.664874396262114,
                1.1755046147272346
              ],
              [
                37.39669756529465,
                1.6932179246830668
              ],
              [
                36.259061188847596,
                2.527179622723792
              ],
              [
                35.30901110519182,
                3.635571386988863
              ],
              [
                34.59418679258548,
                4.9628138261770935
              ],
              [
                34.15043252690906,
                6.442353462305803
              ],
              [
                34.0,
                8.0
              ],
              [
                34.15043252690906,
                9.557646537694199
              ],
              [
                34.59418679258549,
                11.037186173822908
              ],
              [
                35.30901110519182,
                12.364428613011137
              ],
              [
                36.259061188847596,
                13.472820377276209
              ],
              [
                37.39669756529465,
                14.306782075316935
              ],
              [
                38.664874396262114,
                14.824495385272765
              ],
              [
                39.759667327371886,
                14.96840784642443
              ],
              [
                38.18168517531971,
                16.388591783271394
              ],
              [
                36.990311320975806,
                18.095046347941977
              ],
              [
                36.25072087818177,
                19.997311594393175
              ],
              [
                36.0,
                22.0
              ],
              [
                36.25072087818177,
                24.002688405606825
              ],
              [
                36.990311320975806,
                25.904953652058023
              ],
              [
                38.18168517531971,
                27.611408216728606
              ],
              [
                39.76510198141266,
                29.03648334221227
              ],
              [
                41.66116260882442,
                30.108719811121773
              ],
              [
                43.77479066043686,
                30.774351209636414
              ],
              [
                46.0,
                31.0
              ],
              [
                48.22520933956314,
                30.774351209636414
              ],
              [
                50.33883739117558,
                30.108719811121773
              ],
              [
                52.23489801858734,
                29.036483342212268
              ],
              [
                53.8183148246803,
                27.611408216728602
              ],
              [
                55.009688679024194,
                25.904953652058023
              ],
              [
                55.74927912181823,
                24.00268840560683
              ],
              [
                56.0,
                22.0
              ],
              [
                55.74927912181823,
                19.997311594393167
              ],
              [
                55.009688679024194,
                18.09504634794198
              ],
              [
                53.8183148246803,
                16.388591783271398
              ],
              [
                52.23489801858733,
                14.96351665778773
              ],
              [
                50.33883739117558,
                13.891280188878227
              ],
              [
                48.225209339563136,
                13.225648790363586
              ],
              [
                46.0,
                13.0
              ],
              [
                43.96974547310796,
                13.205879271661392
              ],
              [
                44.69098889480818,
                12.364428613011135
              ],
              [
                45.40581320741452,
                11.037186173822906
              ]
            ]
          ],
          [
            [
              [
                115.94564075455241,
                6.141612179553929
              ],
              [
                113.72885722602227,
                4.399853692851671
              ],
              [
                111.0743723476458,
                3.089342453073389
              ],
              [
                108.1152930753884,
                2.275792965999937
              ],
              [
                105.0,
                2.0
              ],
              [
                101.88470692461159,
                2.2757929659999405
              ],
              [
                98.92562765235418,
                3.0893424530733906
              ],
              [
                96.27114277397773,
                4.399853692851673
              ],
              [
                94.05435924544759,
                6.141612179553928
              ],
              [
                92.38643584936614,
                8.227278869706861
              ],
              [
                91.35100922945446,
                10.552269726480548
              ],
              [
                91.0,
                13.000000000000002
              ],
              [
                91.35100922945446,
                15.447730273519454
              ],
              [
                92.38643584936614,
                17.772721130293142
              ],
              [
                94.05435924544759,
                19.858387820446072
              ],
              [
                96.27114277397773,
                21.60014630714833
              ],
              [
                98.9256276523542,
                22.91065754692661
              ],
              [
                101.8847069246116,
                23.72420703400006
              ],
              [
                105.0,
                24.0
              ],
              [
                108.11529307538841,
                23.72420703400006
              ],
              [
                111.07437234764582,
                22.91065754692661
              ],
              [
                113.72885722602227,
                21.60014630714833
              ],
              [
                115.94564075455241,
                19.85838782044607
              ],
              [
                117.61356415063386,
                17.77272113029314
              ],
              [
                118.64899077054554,
                15.447730273519458
              ],
              [
                119.0,
                13.0
              ],
              [
                118.64899077054552,
                10.552269726480539
              ],
              [
                117.61356415063388,
                8.227278869706868
              ],
              [
                115.94564075455241,
                6.141612179553929
              ]
            ]
          ],
          [
            [
              [
                141.8183148246803,
                29.765101981412663
              ],
              [
                140.23489801858733,
                28.1816851753197
              ],
              [
                138.3388373911756,
                26.990311320975806
              ],
              [
                136.22520933956312,
                26.25072087818176
              ],
              [
                134.0,
                26.0
              ],
              [
                131.77479066043685,
                26.250720878181763
              ],
              [
                129.6611626088244,
                26.99031132097581
              ],
              [
                127.76510198141267,
                28.181685175319704
              ],
              [
                126.1816851753197,
                29.765101981412663
              ],
              [
                124.9903113209758,
                31.66116260882442
              ],
              [
                124.25072087818177,
                33.774790660436864
              ],
              [
                124.0,
                36.0
              ],
              [
                124.25072087818177,
                38.22520933956314
              ],
              [
                124.9903113209758,
                40.33883739117558
              ],
              [
                126.1816851753197,
                42.23489801858734
              ],
              [
                127.76510198141267,
                43.8183148246803
              ],
              [
                129.6611626088244,
                45.009688679024194
              ],
              [
                131.77479066043685,
                45.74927912181823
              ],
              [
                134.0,
                46.0
              ],
              [
                136.22520933956315,
                45.74927912181823
              ],
              [
                138.3388373911756,
                45.009688679024194
              ],
              [
                140.23489801858733,
                43.8183148246803
              ],
              [
                141.8183148246803,
                42.23489801858734
              ],
              [
                143.00968867902418,
                40.33883739117558
              ],
              [
                143.74927912181823,
                38.22520933956314
              ],
              [
                144.0,
                36.0
              ],
              [
                143.74927912181823,
                33.77479066043686
              ],
              [
                143.00968867902418,
                31.661162608824426
              ],
              [
                141.8183148246803,
                29.765101981412663
              ]
            ]
          ],
          [
            [
              [
                112.83692226365724,
                44.51812237769519
              ],
              [
                106.1865716780668,
                42.61802221038364
              ],
              [
                98.22311704293743,
                41.188373585170964
              ],
              [
                89.34587922616515,
                40.300865053818114
              ],
              [
                79.99999999999999,
                40.0
              ],
              [
                70.65412077383479,
                40.300865053818114
              ],
              [
                61.776882957062554,
                41.18837358517097
              ],
              [
                53.81342832193319,
                42.61802221038364
              ],
              [
                47.16307773634276,
                44.51812237769519
              ],
              [
                45.97394490732032,
                45.05883496513637
              ],
              [
                42.4456328669144,
                43.49069628051152
              ],
              [
                35.61981460823209,
                41.584498113561295
              ],
              [
                28.01075362242728,
                40.40115340509082
              ],
              [
                19.999999999999993,
                40.0
              ],
              [
                11.989246377572675,
                40.401153405090824
              ],
              [
                4.380185391767903,
                41.584498113561295
              ],
              [
                -2.445632866914412,
                43.49069628051153
              ],
              [
                -8.145933368849064,
                46.02416317026026
              ],
              [
                -12.434879244487092,
                49.05786017411907
              ],
              [
                -15.097404838545657,
                52.43966505669898
              ],
              [
                -16.0,
                56.0
              ],
              [
                -15.097404838545657,
                59.56033494330102
              ],
              [
                -12.434879244487085,
                62.94213982588093
              ],
              [
                -8.145933368849061,
                65.97583682973975
              ],
              [
                -2.445632866914405,
                68.50930371948849
              ],
              [
                4.38018539176791,
                70.4155018864387
              ],
              [
                11.989246377572684,
                71.59884659490918
              ],
              [
                20.000000000000004,
                72.0
              ],
              [
                28.01075362242732,
                71.59884659490918
              ],
              [
                35.61981460823209,
                70.4155018864387
              ],
              [
                42.44563286691441,
                68.50930371948847
              ],
              [
                48.14593336884907,
                65.97583682973973
              ],
              [
                52.43487924448709,
                62.94213982588093
              ],
              [
                53.69079479118939,
                61.34693963797527
              ],
              [
                53.813428321933195,
                61.38197778961636
              ],
              [
                61.77688295706256,
                62.81162641482903
              ],
              [
                70.65412077383479,
                63.699134946181886
              ],
              [
                80.0,
                64.0
              ],
              [
                89.34587922616521,
                63.699134946181886
              ],
              [
                98.22311704293745,
                62.81162641482903
              ],
              [
                106.18657167806681,
                61.38197778961636
              ],
              [
                112.83692226365724,
                59.4818776223048
              ],
              [
                117.8406924519016,
                57.2066048694107
              ],
              [
                120.94697231163659,
                54.67025120747577
              ],
              [
                122.0,
                52.0
              ],
              [
                120.94697231163659,
                49.32974879252423
              ],
              [
                117.84069245190162,
                46.79339513058931
              ],
              [
                112.83692226365724,
                44.51812237769519
              ]
            ]
          ]
        ]
      }
    },
    {
      "type": "Feature",
      "properties": {
        "id": "african_trad",
        "style": "fill",
        "year": 500
      },
      "geometry": {
        "type": "Polygon",
        "coordinates": [
          [
            [
              54.0,
              2.0
            ],
            [
              53.09740483854565,
              9.56571175451469
            ],
            [
              50.43487924448709,
              16.752047129996974
            ],
            [
              46.14593336884907,
              23.198653263196938
            ],
            [
              40.44563286691441,
              28.582270403913014
            ],
            [
              33.61981460823209,
              32.63294150868225
            ],
            [
              26.01075362242732,
              35.147549014182005
            ],
            [
              18.000000000000004,
              36.0
            ],
            [
              9.989246377572684,
              35.147549014182005
            ],
            [
              2.3801853917679097,
              32.63294150868225
            ],
            [
              -4.445632866914405,
              28.582270403913018
            ],
            [
              -10.145933368849061,
              23.198653263196952
            ],
            [
              -14.434879244487085,
              16.75204712999698
            ],
            [
              -17.097404838545657,
              9.565711754514679
            ],
            [
              -18.0,
              2.000000000000004
            ],
            [
              -17.097404838545657,
              -5.565711754514671
            ],
            [
              -14.434879244487092,
              -12.752047129996972
            ],
            [
              -10.145933368849064,
              -19.19865326319695
            ],
            [
              -4.445632866914412,
              -24.58227040391301
            ],
            [
              2.3801853917679026,
              -28.632941508682247
            ],
            [
              9.989246377572675,
              -31.147549014182005
            ],
            [
              17.999999999999993,
              -32.0
            ],
            [
              26.01075362242728,
              -31.14754901418201
            ],
            [
              33.61981460823209,
              -28.632941508682254
            ],
            [
              40.4456328669144,
              -24.582270403913018
            ],
            [
              46.14593336884907,
              -19.198653263196945
            ],
            [
              50.4348792444871,
              -12.752047129996955
            ],
            [
              53.09740483854564,
              -5.565711754514698
            ],
            [
              54.0,
              2.0
            ]
          ]
        ]
      }
    },
    {
      "type": "Feature",
      "properties": {
        "id": "hindu",
        "style": "fill",
        "year": 500
      },
      "geometry": {
        "type": "Polygon",
        "coordinates": [
          [
            [
              96.0,
              21.0
            ],
            [
              95.59884659490918,
              24.67159541027919
            ],
            [
              94.4155018864387,
              28.15908169543971
            ],
            [
              92.50930371948847,
              31.287581730669103
            ],
            [
              89.97583682973973,
              33.90021946072249
            ],
            [
              86.94213982588093,
              35.865986320389915
            ],
            [
              83.56033494330103,
              37.08631055100009
            ],
            [
              80.0,
              37.5
            ],
            [
              76.43966505669897,
              37.08631055100009
            ],
            [
              73.05786017411907,
              35.865986320389915
            ],
            [
              70.02416317026027,
              33.9002194607225
            ],
            [
              67.49069628051153,
              31.28758173066911
            ],
            [
              65.5844981135613,
              28.15908169543971
            ],
            [
              64.40115340509082,
              24.67159541027918
            ],
            [
              64.0,
              21.000000000000004
            ],
            [
              64.40115340509082,
              17.328404589720822
            ],
            [
              65.5844981135613,
              13.840918304560294
            ],
            [
              67.49069628051153,
              10.712418269330891
            ],
            [
              70.02416317026027,
              8.09978053927751
            ],
            [
              73.05786017411907,
              6.134013679610085
            ],
            [
              76.43966505669897,
              4.913689448999911
            ],
            [
              80.0,
              4.5
            ],
            [
              83.56033494330102,
              4.913689448999907
            ],
            [
              86.94213982588093,
              6.1340136796100815
            ],
            [
              89.97583682973973,
              8.099780539277507
            ],
            [
              92.50930371948847,
              10.712418269330893
            ],
            [
              94.4155018864387,
              13.8409183045603
            ],
            [
              95.59884659490918,
              17.328404589720808
            ],
            [
              96.0,
              21.0
            ]
          ]
        ]
      }
    },
    {
      "type": "Feature",
      "properties": {
        "id": "chinese_imperial",
        "style": "fill",
        "year": 500
      },
      "geometry": {
        "type": "Polygon",
        "coordinates": [
          [
            [
              126.0,
              32.5
            ],
            [
              125.64899077054554,
              35.17025120747577
            ],
            [
              124.61356415063386,
              37.7066048694107
            ],
            [
              122.94564075455241,
              39.9818776223048
            ],
            [
              120.72885722602227,
              41.88197778961636
            ],
            [
              118.07437234764582,
              43.31162641482903
            ],
            [
              115.11529307538841,
              44.199134946181886
            ],
            [
              112.0,
              44.5
            ],
            [
              108.8847069246116,
              44.199134946181886
            ],
            [
              105.9256276523542,
              43.31162641482903
            ],
            [
              103.27114277397773,
              41.88197778961636
            ],
            [
              101.05435924544759,
              39.98187762230481
            ],
            [
              99.38643584936614,
              37.7066048694107
            ],
            [
              98.35100922945446,
              35.17025120747577
            ],
            [
              98.0,
              32.5
            ],
            [
              98.35100922945446,
              29.829748792524235
            ],
            [
              99.38643584936614,
              27.293395130589303
            ],
            [
              101.05435924544759,
              25.018122377695192
            ],
            [
              103.27114277397773,
              23.118022210383643
            ],
            [
              105.92562765235418,
              21.68837358517097
            ],
            [
              108.88470692461159,
              20.800865053818114
            ],
            [
              112.0,
              20.5
            ],
            [
              115.1152930753884,
              20.800865053818114
            ],
            [
              118.0743723476458,
              21.688373585170968
            ],
            [
              120.72885722602227,
              23.118022210383643
            ],
            [
              122.94564075455241,
              25.018122377695196
            ],
            [
              124.61356415063388,
              27.29339513058931
            ],
            [
              125.64899077054552,
              29.829748792524224
            ],
            [
              126.0,
              32.5
            ]
          ]
        ]
      }
    },
    {
      "type": "Feature",
      "properties": {
        "id": "roman_pagan",
        "style": "fill",
        "year": 500
      },
      "geometry": {
        "type": "Polygon",
        "coordinates": [
          [
            [
              33.82024430426413,
              34.30678207531693
            ],
            [
              35.052683712081766,
              33.47282037727621
            ],
            [
              36.081904636042196,
              32.364428613011135
            ],
            [
              36.85629764136573,
              31.037186173822906
            ],
            [
              37.337031429181856,
              29.5576465376942
            ],
            [
              37.5,
              28.0
            ],
            [
              37.33703142918185,
              26.442353462305796
            ],
            [
              36.85629764136573,
              24.962813826177097
            ],
            [
              36.081904636042196,
              23.635571386988865
            ],
            [
              35.052683712081766,
              22.527179622723793
            ],
            [
              33.82024430426413,
              21.693217924683065
            ],
            [
              32.44638607071604,
              21.17550461472723
            ],
            [
              31.0,
              21.0
            ],
            [
              29.553613929283955,
              21.175504614727235
            ],
            [
              28.17975569573587,
              21.69321792468307
            ],
            [
              26.94731628791823,
              22.527179622723793
            ],
            [
              25.918095363957807,
              23.635571386988865
            ],
            [
              25.143702358634275,
              24.962813826177094
            ],
            [
              24.662968570818144,
              26.442353462305803
            ],
            [
              24.5,
              28.0
            ],
            [
              24.662968570818144,
              29.557646537694197
            ],
            [
              24.666996697108324,
              29.570043778447182
            ],
            [
              21.545442260586277,
              28.58934245307339
            ],
            [
              16.895460547038894,
              27.775792965999937
            ],
            [
              11.999999999999996,
              27.5
            ],
            [
              7.104539452961079,
              27.77579296599994
            ],
            [
              2.4545577394137172,
              28.589342453073392
            ],
            [
              -1.7167756408921413,
              29.89985369285167
            ],
            [
              -5.20029261429665,
              31.641612179553928
            ],
            [
              -7.821315093853222,
              33.727278869706865
            ],
            [
              -9.448414068000123,
              36.052269726480546
            ],
            [
              -10.0,
              38.5
            ],
            [
              -9.448414068000123,
              40.947730273519454
            ],
            [
              -7.821315093853219,
              43.27272113029314
            ],
            [
              -5.20029261429665,
              45.358387820446076
            ],
            [
              -2.443299166653904,
              46.73688454426745
            ],
            [
              -3.446386070716045,
              46.82034602152724
            ],
            [
              -4.820244304264129,
              47.17534943406839
            ],
            [
              -6.052683712081769,
              47.74720888415346
            ],
            [
              -7.081904636042192,
              48.507248951078076
            ],
            [
              -7.856297641365725,
              49.41735805223572
            ],
            [
              -8.337031429181854,
              50.4318995170097
            ],
            [
              -8.5,
              51.5
            ],
            [
              -8.337031429181854,
              52.56810048299031
            ],
            [
              -7.856297641365724,
              53.58264194776428
            ],
            [
              -7.081904636042191,
              54.492751048921924
            ],
            [
              -6.052683712081768,
              55.25279111584654
            ],
            [
              -4.820244304264127,
              55.82465056593161
            ],
            [
              -3.446386070716043,
              56.17965397847276
            ],
            [
              -1.9999999999999996,
              56.3
            ],
            [
              -0.5536139292839561,
              56.17965397847276
            ],
            [
              0.8202443042641283,
              55.82465056593161
            ],
            [
              2.0526837120817687,
              55.25279111584654
            ],
            [
              3.081904636042194,
              54.49275104892192
            ],
            [
              3.8562976413657246,
              53.58264194776428
            ],
            [
              4.337031429181853,
              52.56810048299031
            ],
            [
              4.5,
              51.5
            ],
            [
              4.337031429181852,
              50.43189951700969
            ],
            [
              3.8562976413657255,
              49.41735805223573
            ],
            [
              3.0950684057884987,
              48.522719734736114
            ],
            [
              7.104539452961085,
              49.22420703400006
            ],
            [
              12.000000000000002,
              49.5
            ],
            [
              16.89546054703892,
              49.22420703400006
            ],
            [
              21.545442260586277,
              48.410657546926615
            ],
            [
              25.716775640892138,
              47.10014630714833
            ],
            [
              29.200292614296657,
              45.35838782044607
            ],
            [
              31.821315093853222,
              43.27272113029314
            ],
            [
              33.44841406800012,
              40.94773027351946
            ],
            [
              34.0,
              38.5
            ],
            [
              33.44841406800012,
              36.05226972648054
            ],
            [
              32.55938147522161,
              34.781915136854195
            ],
            [
              33.82024430426413,
              34.30678207531693
            ]
          ]
        ]
      }
    },
    {
      "type": "Feature",
      "properties": {
        "id": "zoroastrian",
        "style": "fill",
        "year": 500
      },
      "geometry": {
        "type": "Polygon",
        "coordinates": [
          [
            [
              40.034982547512506,
              37.13883739117558
            ],
            [
              41.88161202174554,
              39.034898018587334
            ],
            [
              44.335908071189635,
              40.6183148246803
            ],
            [
              47.27480204367785,
              41.80968867902419
            ],
            [
              50.55092552367713,
              42.54927912181823
            ],
            [
              54.0,
              42.8
            ],
            [
              57.44907447632288,
              42.54927912181823
            ],
            [
              60.72519795632215,
              41.80968867902419
            ],
            [
              63.66409192881037,
              40.6183148246803
            ],
            [
              66.11838797825446,
              39.034898018587334
            ],
            [
              67.9650174524875,
              37.13883739117558
            ],
            [
              69.11138263881827,
              35.02520933956314
            ],
            [
              69.5,
              32.8
            ],
            [
              69.11138263881827,
              30.57479066043685
            ],
            [
              67.9650174524875,
              28.461162608824424
            ],
            [
              66.11838797825446,
              26.56510198141266
            ],
            [
              63.664091928810365,
              24.981685175319697
            ],
            [
              60.72519795632215,
              23.790311320975803
            ],
            [
              57.449074476322856,
              23.050720878181757
            ],
            [
              54.0,
              22.799999999999997
            ],
            [
              50.55092552367712,
              23.05072087818176
            ],
            [
              47.274802043677845,
              23.790311320975807
            ],
            [
              44.33590807118963,
              24.9816851753197
            ],
            [
              41.88161202174554,
              26.56510198141266
            ],
            [
              40.034982547512506,
              28.461162608824417
            ],
            [
              38.88861736118173,
              30.574790660436857
            ],
            [
              38.5,
              32.8
            ],
            [
              38.601014621568545,
              33.378406169665816
            ],
            [
              38.5,
              34.0
            ],
            [
              38.688040658636325,
              35.15710885657283
            ],
            [
              39.24273349073186,
              36.2561954434113
            ],
            [
              40.02357190502872,
              37.117798847500104
            ],
            [
              40.034982547512506,
              37.13883739117558
            ]
          ]
        ]
      }
    },
    {
      "type": "Feature",
      "properties": {
        "id": "buddhist",
        "style": "fill",
        "year": 500
      },
      "geometry": {
        "type": "MultiPolygon",
        "coordinates": [
          [
            [
              [
                81.95093037194886,
                6.103624475539039
              ],
              [
                81.69758368297397,
                5.723604442076728
              ],
              [
                81.3942139825881,
                5.437674717034193
              ],
              [
                81.05603349433011,
                5.260173010763623
              ],
              [
                80.7,
                5.199999999999999
              ],
              [
                80.3439665056699,
                5.260173010763623
              ],
              [
                80.0057860174119,
                5.437674717034194
              ],
              [
                79.70241631702604,
                5.723604442076729
              ],
              [
                79.44906962805115,
                6.103624475539038
              ],
              [
                79.25844981135613,
                6.5586790261178605
              ],
              [
                79.14011534050908,
                7.065949758504846
              ],
              [
                79.10000000000001,
                7.6
              ],
              [
                79.14011534050908,
                8.134050241495153
              ],
              [
                79.25844981135613,
                8.64132097388214
              ],
              [
                79.44906962805115,
                9.09637552446096
              ],
              [
                79.70241631702604,
                9.476395557923272
              ],
              [
                80.0057860174119,
                9.762325282965806
              ],
              [
                80.3439665056699,
                9.939826989236376
              ],
              [
                80.7,
                10.0
              ],
              [
                81.05603349433011,
                9.939826989236376
              ],
              [
                81.3942139825881,
                9.762325282965806
              ],
              [
                81.69758368297397,
                9.47639555792327
              ],
              [
                81.95093037194886,
                9.09637552446096
              ],
              [
                82.14155018864388,
                8.64132097388214
              ],
              [
                82.25988465949092,
                8.134050241495155
              ],
              [
                82.3,
                7.6
              ],
              [
                82.25988465949092,
                7.0659497585048445
              ],
              [
                82.14155018864388,
                6.558679026117861
              ],
              [
                81.95093037194886,
                6.103624475539039
              ]
            ]
          ],
          [
            [
              [
                104.30007315357416,
                15.194295891635699
              ],
              [
                103.42919391022303,
                14.481758328893864
              ],
              [
                102.38636056514657,
                13.945640094439113
              ],
              [
                101.22386513675973,
                13.612824395181793
              ],
              [
                100.0,
                13.5
              ],
              [
                98.77613486324027,
                13.612824395181793
              ],
              [
                97.61363943485343,
                13.945640094439113
              ],
              [
                96.57080608977697,
                14.481758328893866
              ],
              [
                95.69992684642584,
                15.194295891635697
              ],
              [
                95.04467122653669,
                16.04752317397099
              ],
              [
                94.63789648299996,
                16.998655797196587
              ],
              [
                94.5,
                18.0
              ],
              [
                94.63789648299996,
                19.001344202803413
              ],
              [
                95.04467122653669,
                19.952476826029013
              ],
              [
                95.69992684642584,
                20.805704108364303
              ],
              [
                96.57080608977697,
                21.518241671106136
              ],
              [
                97.61363943485343,
                22.054359905560887
              ],
              [
                98.77613486324027,
                22.387175604818207
              ],
              [
                100.0,
                22.5
              ],
              [
                101.22386513675973,
                22.387175604818207
              ],
              [
                102.38636056514657,
                22.054359905560887
              ],
              [
                103.42919391022303,
                21.518241671106132
              ],
              [
                104.30007315357416,
                20.8057041083643
              ],
              [
                104.95532877346331,
                19.952476826029013
              ],
              [
                105.36210351700004,
                19.001344202803416
              ],
              [
                105.5,
                18.0
              ],
              [
                105.36210351700004,
                16.998655797196584
              ],
              [
                104.95532877346331,
                16.04752317397099
              ],
              [
                104.30007315357416,
                15.194295891635699
              ]
            ]
          ],
          [
            [
              [
                88.86373611851022,
                22.506040792565067
              ],
              [
                87.6761735139405,
                21.87267407012788
              ],
              [
                86.25412804338168,
                21.396124528390324
              ],
              [
                84.66890700467235,
                21.100288351272706
              ],
              [
                83.0,
                21.0
              ],
              [
                81.33109299532764,
                21.100288351272706
              ],
              [
                79.74587195661832,
                21.396124528390324
              ],
              [
                78.3238264860595,
                21.872674070127882
              ],
              [
                77.13626388148978,
                22.506040792565067
              ],
              [
                76.24273349073185,
                23.264465043529768
              ],
              [
                75.68804065863633,
                24.109916264174746
              ],
              [
                75.5,
                25.0
              ],
              [
                75.68804065863633,
                25.890083735825257
              ],
              [
                76.24273349073185,
                26.735534956470232
              ],
              [
                77.13626388148978,
                27.493959207434937
              ],
              [
                78.3238264860595,
                28.12732592987212
              ],
              [
                79.74587195661832,
                28.603875471609676
              ],
              [
                81.33109299532764,
                28.899711648727294
              ],
              [
                83.0,
                29.0
              ],
              [
                84.66890700467236,
                28.899711648727294
              ],
              [
                86.25412804338168,
                28.603875471609676
              ],
              [
                87.6761735139405,
                28.127325929872118
              ],
              [
                88.86373611851022,
                27.493959207434933
              ],
              [
                89.75726650926815,
                26.735534956470232
              ],
              [
                90.31195934136367,
                25.890083735825257
              ],
              [
                90.5,
                25.0
              ],
              [
                90.31195934136367,
                24.109916264174743
              ],
              [
                89.75726650926815,
                23.26446504352977
              ],
              [
                88.86373611851022,
                22.506040792565067
              ]
            ]
          ],
          [
            [
              [
                99.30007315357416,
                27.506040792565067
              ],
              [
                98.42919391022303,
                26.87267407012788
              ],
              [
                97.38636056514657,
                26.396124528390324
              ],
              [
                96.22386513675973,
                26.100288351272706
              ],
              [
                95.0,
                26.0
              ],
              [
                93.77613486324027,
                26.100288351272706
              ],
              [
                92.61363943485343,
                26.396124528390324
              ],
              [
                91.57080608977697,
                26.872674070127882
              ],
              [
                90.69992684642584,
                27.506040792565067
              ],
              [
                90.04467122653669,
                28.264465043529768
              ],
              [
                89.63789648299996,
                29.109916264174746
              ],
              [
                89.5,
                30.0
              ],
              [
                89.63789648299996,
                30.890083735825257
              ],
              [
                90.04467122653669,
                31.735534956470232
              ],
              [
                90.69992684642584,
                32.49395920743493
              ],
              [
                91.57080608977697,
                33.12732592987212
              ],
              [
                92.61363943485343,
                33.603875471609676
              ],
              [
                93.77613486324027,
                33.8997116487273
              ],
              [
                95.0,
                34.0
              ],
              [
                96.22386513675973,
                33.8997116487273
              ],
              [
                97.38636056514657,
                33.603875471609676
              ],
              [
                98.42919391022303,
                33.12732592987212
              ],
              [
                99.30007315357416,
                32.49395920743493
              ],
              [
                99.95532877346331,
                31.735534956470232
              ],
              [
                100.36210351700004,
                30.890083735825257
              ],
              [
                100.5,
                30.0
              ],
              [
                100.36210351700004,
                29.109916264174743
              ],
              [
                99.95532877346331,
                28.26446504352977
              ],
              [
                99.30007315357416,
                27.506040792565067
              ]
            ]
          ],
          [
            [
              [
                75.0,
                33.0
              ],
              [
                74.87463956090912,
                32.33243719813105
              ],
              [
                74.50484433951209,
                31.69834878264733
              ],
              [
                73.90915741234015,
                31.129530594423798
              ],
              [
                73.11744900929367,
                30.65450555259591
              ],
              [
                72.1694186955878,
                30.29709339629274
              ],
              [
                71.11260466978156,
                30.07521626345453
              ],
              [
                70.0,
                30.0
              ],
              [
                68.88739533021842,
                30.07521626345453
              ],
              [
                67.8305813044122,
                30.297093396292745
              ],
              [
                66.88255099070633,
                30.65450555259591
              ],
              [
                66.09084258765985,
                31.129530594423798
              ],
              [
                65.72521081526847,
                31.47867037379752
              ],
              [
                65.17975569573588,
                31.596124528390327
              ],
              [
                63.947316287918234,
                32.07267407012788
              ],
              [
                62.91809536395781,
                32.70604079256507
              ],
              [
                62.14370235863427,
                33.46446504352977
              ],
              [
                61.662968570818144,
                34.309916264174745
              ],
              [
                61.5,
                35.2
              ],
              [
                61.662968570818144,
                36.09008373582526
              ],
              [
                62.14370235863428,
                36.935534956470235
              ],
              [
                62.91809536395781,
                37.693959207434936
              ],
              [
                63.947316287918234,
                38.327325929872124
              ],
              [
                65.17975569573588,
                38.80387547160968
              ],
              [
                66.55361392928396,
                39.0997116487273
              ],
              [
                68.0,
                39.2
              ],
              [
                69.44638607071604,
                39.0997116487273
              ],
              [
                70.82024430426412,
                38.80387547160968
              ],
              [
                71.12021104153422,
                38.687886798839386
              ],
              [
                71.0,
                39.2
              ],
              [
                71.12536043909088,
                39.734050241495154
              ],
              [
                71.49515566048791,
                40.24132097388214
              ],
              [
                72.09084258765985,
                40.69637552446096
              ],
              [
                72.88255099070633,
                41.07639555792328
              ],
              [
                73.8305813044122,
                41.362325282965806
              ],
              [
                74.08676056577893,
                41.40535296323248
              ],
              [
                74.96351665778774,
                41.8704694055762
              ],
              [
                76.3885917832714,
                42.34549444740409
              ],
              [
                78.09504634794197,
                42.702906603707255
              ],
              [
                79.99731159439317,
                42.92478373654547
              ],
              [
                82.0,
                43.0
              ],
              [
                84.00268840560683,
                42.92478373654547
              ],
              [
                85.90495365205803,
                42.702906603707255
              ],
              [
                87.6114082167286,
                42.34549444740409
              ],
              [
                89.03648334221226,
                41.8704694055762
              ],
              [
                90.10871981112177,
                41.30165121735268
              ],
              [
                90.77435120963641,
                40.66756280186895
              ],
              [
                91.0,
                40.0
              ],
              [
                90.77435120963641,
                39.33243719813105
              ],
              [
                90.10871981112177,
                38.69834878264733
              ],
              [
                89.03648334221226,
                38.1295305944238
              ],
              [
                87.6114082167286,
                37.65450555259591
              ],
              [
                85.90495365205803,
                37.297093396292745
              ],
              [
                84.00268840560682,
                37.07521626345453
              ],
              [
                82.0,
                37.0
              ],
              [
                79.99731159439317,
                37.07521626345453
              ],
              [
                78.76893712937576,
                37.218491868609064
              ],
              [
                78.1694186955878,
                37.0376747170342
              ],
              [
                77.11260466978156,
                36.860173010763624
              ],
              [
                76.0,
                36.800000000000004
              ],
              [
                74.88739533021842,
                36.860173010763624
              ],
              [
                73.8305813044122,
                37.0376747170342
              ],
              [
                73.7170425661142,
                37.07191845349904
              ],
              [
                73.85629764136573,
                36.935534956470235
              ],
              [
                74.33703142918185,
                36.09008373582526
              ],
              [
                74.5,
                35.2
              ],
              [
                74.36071670814471,
                34.439277904136894
              ],
              [
                74.50484433951209,
                34.30165121735268
              ],
              [
                74.87463956090912,
                33.66756280186895
              ],
              [
                75.0,
                33.0
              ]
            ]
          ]
        ]
      }
    },
    {
      "type": "Feature",
      "properties": {
        "id": "christian",
        "style": "fill",
        "year": 500
      },
      "geometry": {
        "type": "Polygon",
        "coordinates": [
          [
            [
              24.561420278268475,
              46.87033641468225
            ],
            [
              24.745871956618316,
              46.95532877346331
            ],
            [
              26.331092995327644,
              47.36210351700003
            ],
            [
              28.0,
              47.5
            ],
            [
              28.871794871794872,
              47.427966359790354
            ],
            [
              30.0,
              47.5
            ],
            [
              33.33781400934472,
              47.2868872535455
            ],
            [
              36.508256086763375,
              46.65823537717056
            ],
            [
              37.67133954750842,
              46.244107571097
            ],
            [
              38.14370235863428,
              47.38636056514657
            ],
            [
              38.91809536395781,
              48.429193910223034
            ],
            [
              39.947316287918234,
              49.30007315357416
            ],
            [
              41.17975569573587,
              49.95532877346331
            ],
            [
              42.553613929283955,
              50.36210351700003
            ],
            [
              44.0,
              50.5
            ],
            [
              45.446386070716045,
              50.36210351700003
            ],
            [
              46.82024430426413,
              49.95532877346331
            ],
            [
              48.052683712081766,
              49.30007315357416
            ],
            [
              49.081904636042196,
              48.429193910223034
            ],
            [
              49.85629764136573,
              47.38636056514657
            ],
            [
              50.337031429181856,
              46.22386513675973
            ],
            [
              50.5,
              45.0
            ],
            [
              50.33703142918185,
              43.77613486324027
            ],
            [
              49.85629764136573,
              42.61363943485343
            ],
            [
              49.081904636042196,
              41.570806089776966
            ],
            [
              48.052683712081766,
              40.69992684642584
            ],
            [
              47.29995604390532,
              40.299721342049715
            ],
            [
              47.229798154109105,
              39.85495813208737
            ],
            [
              47.02271283012677,
              39.43223252176488
            ],
            [
              46.689128150910484,
              39.05302039628253
            ],
            [
              46.245771445204454,
              38.73633703506394
            ],
            [
              45.714874469529164,
              38.498062264195156
            ],
            [
              45.123058615077674,
              38.35014417563635
            ],
            [
              44.86668357614503,
              38.32951094038382
            ],
            [
              44.62391868272735,
              37.108572061371326
            ],
            [
              43.9064951074937,
              35.946747417263914
            ],
            [
              43.699134946181886,
              34.719832528349485
            ],
            [
              42.811626414829036,
              33.02893008705954
            ],
            [
              41.38197778961636,
              31.51208158513013
            ],
            [
              39.4818776223048,
              30.24534814025576
            ],
            [
              37.2066048694107,
              29.292249056780648
            ],
            [
              35.359597722790795,
              28.861385221373634
            ],
            [
              35.48466839603639,
              28.37962979052915
            ],
            [
              35.6,
              27.0
            ],
            [
              35.48466839603639,
              25.62037020947085
            ],
            [
              35.14445679235113,
              24.309920817471145
            ],
            [
              34.59642481935293,
              23.134363228475852
            ],
            [
              33.86805308855017,
              22.152644808698213
            ],
            [
              33.854723988801915,
              22.141356457286058
            ],
            [
              34.38636056514657,
              21.955328773463307
            ],
            [
              35.429193910223034,
              21.300073153574164
            ],
            [
              36.30007315357416,
              20.429193910223034
            ],
            [
              36.676813839597536,
              19.829614543168358
            ],
            [
              38.0,
              20.0
            ],
            [
              39.557646537694204,
              19.799423297454588
            ],
            [
              41.03718617382291,
              19.207750943219352
            ],
            [
              42.364428613011135,
              18.25465185974424
            ],
            [
              43.47282037727621,
              16.987918414869867
            ],
            [
              44.30678207531693,
              15.471069912940465
            ],
            [
              44.82449538527277,
              13.780167471650515
            ],
            [
              45.0,
              12.0
            ],
            [
              44.82449538527276,
              10.219832528349484
            ],
            [
              44.30678207531694,
              8.528930087059539
            ],
            [
              43.47282037727621,
              7.01208158513013
            ],
            [
              42.364428613011135,
              5.745348140255761
            ],
            [
              41.0371861738229,
              4.792249056780646
            ],
            [
              39.5576465376942,
              4.200576702545409
            ],
            [
              38.0,
              4.0
            ],
            [
              36.442353462305796,
              4.200576702545411
            ],
            [
              34.96281382617709,
              4.792249056780648
            ],
            [
              33.635571386988865,
              5.7453481402557625
            ],
            [
              32.52717962272379,
              7.0120815851301295
            ],
            [
              31.693217924683065,
              8.528930087059535
            ],
            [
              31.175504614727235,
              10.219832528349489
            ],
            [
              31.038615066192506,
              11.608322066867764
            ],
            [
              30.77613486324027,
              11.63789648299997
            ],
            [
              29.61363943485343,
              12.044671226536696
            ],
            [
              28.570806089776966,
              12.699926846425836
            ],
            [
              27.69992684642584,
              13.570806089776964
            ],
            [
              27.044671226536693,
              14.61363943485343
            ],
            [
              26.63789648299997,
              15.776134863240273
            ],
            [
              26.5,
              17.0
            ],
            [
              26.63789648299997,
              18.223865136759727
            ],
            [
              27.044671226536696,
              19.38636056514657
            ],
            [
              27.69992684642584,
              20.429193910223038
            ],
            [
              28.570806089776966,
              21.300073153574164
            ],
            [
              28.896790272089863,
              21.504902591052335
            ],
            [
              28.131946911449823,
              22.152644808698216
            ],
            [
              27.403575180647064,
              23.13436322847585
            ],
            [
              26.85554320764887,
              24.30992081747114
            ],
            [
              26.51533160396361,
              25.620370209470853
            ],
            [
              26.4,
              27.0
            ],
            [
              26.51533160396361,
              28.379629790529147
            ],
            [
              26.756295392149596,
              29.30778993057658
            ],
            [
              24.518122377695196,
              30.245348140255764
            ],
            [
              22.618022210383643,
              31.51208158513013
            ],
            [
              22.418314595180593,
              31.72397015103532
            ],
            [
              20.647652972118994,
              32.354432399021746
            ],
            [
              18.86325059943216,
              33.36559374354429
            ],
            [
              18.60014630714833,
              33.1942958916357
            ],
            [
              16.85838782044607,
              32.48175832889387
            ],
            [
              14.772721130293139,
              31.945640094439113
            ],
            [
              12.447730273519447,
              31.612824395181793
            ],
            [
              9.999999999999998,
              31.5
            ],
            [
              7.55226972648054,
              31.612824395181793
            ],
            [
              5.227278869706859,
              31.945640094439113
            ],
            [
              3.1416121795539294,
              32.48175832889387
            ],
            [
              1.399853692851675,
              33.1942958916357
            ],
            [
              0.08934245307338884,
              34.04752317397099
            ],
            [
              -0.6455917649717253,
              34.90674553452101
            ],
            [
              -1.5536139292839632,
              34.63789648299997
            ],
            [
              -3.0000000000000013,
              34.5
            ],
            [
              -4.446386070716045,
              34.63789648299997
            ],
            [
              -5.820244304264129,
              35.04467122653669
            ],
            [
              -7.052683712081769,
              35.69992684642584
            ],
            [
              -8.081904636042193,
              36.570806089776966
            ],
            [
              -8.856297641365725,
              37.61363943485343
            ],
            [
              -9.337031429181854,
              38.77613486324027
            ],
            [
              -9.5,
              40.0
            ],
            [
              -9.337031429181854,
              41.22386513675973
            ],
            [
              -8.856297641365725,
              42.38636056514657
            ],
            [
              -8.081904636042191,
              43.429193910223034
            ],
            [
              -7.052683712081768,
              44.30007315357416
            ],
            [
              -6.493899160043077,
              44.597164203818124
            ],
            [
              -7.306782075316934,
              45.61363943485343
            ],
            [
              -7.824495385272766,
              46.77613486324027
            ],
            [
              -8.0,
              48.0
            ],
            [
              -7.824495385272766,
              49.22386513675973
            ],
            [
              -7.306782075316933,
              50.38636056514657
            ],
            [
              -6.472820377276206,
              51.429193910223034
            ],
            [
              -5.3644286130111345,
              52.30007315357416
            ],
            [
              -4.0371861738229065,
              52.95532877346331
            ],
            [
              -2.5576465376942004,
              53.36210351700003
            ],
            [
              -0.9999999999999996,
              53.5
            ],
            [
              0.5576465376942012,
              53.36210351700003
            ],
            [
              2.0371861738229073,
              52.95532877346331
            ],
            [
              3.3644286130111354,
              52.30007315357416
            ],
            [
              4.472820377276209,
              51.429193910223034
            ],
            [
              5.230931915064681,
              50.48120793826487
            ],
            [
              7.00268840560683,
              50.337031429181856
            ],
            [
              8.904953652058023,
              49.85629764136573
            ],
            [
              10.211012500865646,
              49.26360513258348
            ],
            [
              10.386051127415014,
              49.311959341363675
            ],
            [
              12.5,
              49.5
            ],
            [
              14.613948872584988,
              49.311959341363675
            ],
            [
              16.621895521616803,
              48.75726650926814
            ],
            [
              18.423153117657968,
              47.863736118510225
            ],
            [
              19.927399083446282,
              46.6761735139405
            ],
            [
              20.725575427973094,
              45.67331269131429
            ],
            [
              23.49174391323663,
              46.65823537717056
            ],
            [
              24.561420278268475,
              46.87033641468225
            ]
          ]
        ]
      }
    },
    {
      "type": "Feature",
      "properties": {
        "id": "roman_pagan",
        "style": "hatch",
        "year": 500
      },
      "geometry": {
        "type": "MultiPolygon",
        "coordinates": [
          [
            [
              [
                0.504844339512097,
                38.26446504352977
              ],
              [
                -0.09084258765985176,
                37.50604079256507
              ],
              [
                -0.8825509907063331,
                36.87267407012788
              ],
              [
                -1.8305813044122101,
                36.396124528390324
              ],
              [
                -2.887395330218433,
                36.1002883512727
              ],
              [
                -4.000000000000001,
                36.0
              ],
              [
                -5.1126046697815735,
                36.1002883512727
              ],
              [
                -6.169418695587791,
                36.396124528390324
              ],
              [
                -7.117449009293669,
                36.87267407012788
              ],
              [
                -7.909157412340148,
                37.50604079256507
              ],
              [
                -8.504844339512097,
                38.26446504352977
              ],
              [
                -8.874639560909118,
                39.10991626417474
              ],
              [
                -9.0,
                40.0
              ],
              [
                -8.874639560909118,
                40.89008373582526
              ],
              [
                -8.504844339512095,
                41.73553495647023
              ],
              [
                -7.909157412340147,
                42.49395920743493
              ],
              [
                -7.117449009293667,
                43.12732592987212
              ],
              [
                -6.16941869558779,
                43.603875471609676
              ],
              [
                -5.112604669781572,
                43.8997116487273
              ],
              [
                -4.460366031200711,
                43.95850336466758
              ],
              [
                -4.824495385272766,
                44.77613486324027
              ],
              [
                -5.0,
                46.0
              ],
              [
                -4.824495385272766,
                47.22386513675973
              ],
              [
                -4.306782075316933,
                48.38636056514657
              ],
              [
                -3.876665785879628,
                48.92420254270928
              ],
              [
                -4.493959207434935,
                49.263589811361896
              ],
              [
                -5.127325929872118,
                49.81778569349443
              ],
              [
                -5.603875471609676,
                50.48140691308855
              ],
              [
                -5.899711648727295,
                51.2211767311529
              ],
              [
                -6.0,
                52.0
              ],
              [
                -5.899711648727295,
                52.7788232688471
              ],
              [
                -5.603875471609676,
                53.51859308691145
              ],
              [
                -5.127325929872118,
                54.18221430650557
              ],
              [
                -4.4939592074349335,
                54.736410188638104
              ],
              [
                -3.7355349564702323,
                55.153391037658466
              ],
              [
                -2.8900837358252573,
                55.412247692636384
              ],
              [
                -1.9999999999999998,
                55.5
              ],
              [
                -1.1099162641747422,
                55.412247692636384
              ],
              [
                -0.2644650435297673,
                55.153391037658466
              ],
              [
                0.4939592074349344,
                54.736410188638104
              ],
              [
                1.1273259298721192,
                54.182214306505564
              ],
              [
                1.6038754716096766,
                53.51859308691145
              ],
              [
                1.8997116487272945,
                52.7788232688471
              ],
              [
                2.0,
                52.0
              ],
              [
                1.9348730308559177,
                51.4942343915798
              ],
              [
                2.0000000000000004,
                51.5
              ],
              [
                3.5576465376942012,
                51.36210351700003
              ],
              [
                5.037186173822907,
                50.95532877346331
              ],
              [
                6.364428613011135,
                50.30007315357416
              ],
              [
                7.472820377276209,
                49.429193910223034
              ],
              [
                8.306782075316935,
                48.38636056514657
              ],
              [
                8.824495385272765,
                47.22386513675973
              ],
              [
                8.927736025768858,
                46.50392611523435
              ],
              [
                9.481406913088547,
                46.752422169756045
              ],
              [
                10.2211767311529,
                46.93731978045456
              ],
              [
                11.0,
                47.0
              ],
              [
                11.7788232688471,
                46.93731978045456
              ],
              [
                12.518593086911453,
                46.752422169756045
              ],
              [
                13.182214306505568,
                46.454578706170075
              ],
              [
                13.736410188638104,
                46.05872450464683
              ],
              [
                14.153391037658468,
                45.5847093477939
              ],
              [
                14.412247692636383,
                45.05630233489079
              ],
              [
                14.5,
                44.5
              ],
              [
                14.412247692636383,
                43.94369766510921
              ],
              [
                14.153391037658468,
                43.4152906522061
              ],
              [
                13.736410188638104,
                42.94127549535317
              ],
              [
                13.182214306505568,
                42.545421293829925
              ],
              [
                12.518593086911453,
                42.247577830243955
              ],
              [
                11.778823268847097,
                42.06268021954544
              ],
              [
                11.0,
                42.0
              ],
              [
                10.221176731152898,
                42.06268021954544
              ],
              [
                9.481406913088545,
                42.247577830243955
              ],
              [
                8.817785693494432,
                42.545421293829925
              ],
              [
                8.263589811361896,
                42.94127549535317
              ],
              [
                8.00456482122232,
                43.23572971697581
              ],
              [
                7.472820377276208,
                42.570806089776966
              ],
              [
                6.364428613011134,
                41.69992684642584
              ],
              [
                5.037186173822906,
                41.04467122653669
              ],
              [
                3.5576465376941933,
                40.63789648299997
              ],
              [
                1.9999999999999987,
                40.5
              ],
              [
                0.9160643703345189,
                40.59595945390184
              ],
              [
                1.0,
                40.0
              ],
              [
                0.8746395609091175,
                39.10991626417474
              ],
              [
                0.504844339512097,
                38.26446504352977
              ]
            ]
          ],
          [
            [
              [
                25.955328773463307,
                42.98140691308855
              ],
              [
                25.300073153574164,
                42.31778569349443
              ],
              [
                24.429193910223034,
                41.763589811361896
              ],
              [
                23.386360565146568,
                41.346608962341534
              ],
              [
                22.223865136759724,
                41.087752307363616
              ],
              [
                21.0,
                41.0
              ],
              [
                19.77613486324027,
                41.087752307363616
              ],
              [
                18.61363943485343,
                41.346608962341534
              ],
              [
                17.570806089776966,
                41.763589811361896
              ],
              [
                16.69992684642584,
                42.31778569349443
              ],
              [
                16.044671226536693,
                42.98140691308855
              ],
              [
                15.63789648299997,
                43.7211767311529
              ],
              [
                15.5,
                44.5
              ],
              [
                15.63789648299997,
                45.2788232688471
              ],
              [
                16.044671226536696,
                46.01859308691145
              ],
              [
                16.69992684642584,
                46.68221430650557
              ],
              [
                17.570806089776966,
                47.236410188638104
              ],
              [
                18.613639434853432,
                47.653391037658466
              ],
              [
                19.776134863240273,
                47.912247692636384
              ],
              [
                21.0,
                48.0
              ],
              [
                22.22386513675973,
                47.912247692636384
              ],
              [
                23.38636056514657,
                47.653391037658466
              ],
              [
                24.429193910223034,
                47.236410188638104
              ],
              [
                25.300073153574164,
                46.682214306505564
              ],
              [
                25.955328773463307,
                46.01859308691145
              ],
              [
                26.36210351700003,
                45.2788232688471
              ],
              [
                26.5,
                44.5
              ],
              [
                26.36210351700003,
                43.7211767311529
              ],
              [
                25.955328773463307,
                42.98140691308855
              ]
            ]
          ]
        ]
      }
    },
    {
      "type": "Feature",
      "properties": {
        "id": "manichaean",
        "style": "hatch",
        "year": 500
      },
      "geometry": {
        "type": "MultiPolygon",
        "coordinates": [
          [
            [
              [
                52.87463956090912,
                32.4879330113398
              ],
              [
                52.5048443395121,
                31.81157203482382
              ],
              [
                51.90915741234015,
                31.204832634052053
              ],
              [
                51.117449009293665,
                30.69813925610231
              ],
              [
                50.16941869558779,
                30.31689962271226
              ],
              [
                49.11260466978157,
                30.080230681018165
              ],
              [
                48.0,
                30.000000000000004
              ],
              [
                46.887395330218425,
                30.08023068101817
              ],
              [
                45.830581304412206,
                30.316899622712263
              ],
              [
                44.882550990706335,
                30.69813925610231
              ],
              [
                44.09084258765985,
                31.204832634052053
              ],
              [
                43.4951556604879,
                31.81157203482382
              ],
              [
                43.12536043909088,
                32.4879330113398
              ],
              [
                43.0,
                33.2
              ],
              [
                43.12536043909088,
                33.91206698866021
              ],
              [
                43.4951556604879,
                34.58842796517619
              ],
              [
                44.09084258765985,
                35.19516736594795
              ],
              [
                44.882550990706335,
                35.7018607438977
              ],
              [
                45.830581304412206,
                36.08310037728774
              ],
              [
                46.887395330218425,
                36.31976931898184
              ],
              [
                48.0,
                36.400000000000006
              ],
              [
                49.112604669781575,
                36.31976931898184
              ],
              [
                50.169418695587794,
                36.08310037728774
              ],
              [
                51.117449009293665,
                35.7018607438977
              ],
              [
                51.90915741234015,
                35.19516736594795
              ],
              [
                52.5048443395121,
                34.58842796517619
              ],
              [
                52.87463956090912,
                33.91206698866021
              ],
              [
                53.0,
                33.2
              ],
              [
                52.87463956090912,
                32.4879330113398
              ]
            ]
          ],
          [
            [
              [
                75.36210351700004,
                39.37694138492232
              ],
              [
                74.95532877346331,
                38.785125530470836
              ],
              [
                74.30007315357416,
                38.254228554795546
              ],
              [
                73.42919391022303,
                37.810871849089516
              ],
              [
                72.38636056514657,
                37.47728716987323
              ],
              [
                71.22386513675973,
                37.270201845890895
              ],
              [
                70.0,
                37.2
              ],
              [
                68.77613486324027,
                37.270201845890895
              ],
              [
                67.61363943485343,
                37.47728716987323
              ],
              [
                66.57080608977697,
                37.810871849089516
              ],
              [
                65.69992684642584,
                38.254228554795546
              ],
              [
                65.04467122653669,
                38.785125530470836
              ],
              [
                64.63789648299996,
                39.37694138492232
              ],
              [
                64.5,
                40.0
              ],
              [
                64.63789648299996,
                40.62305861507768
              ],
              [
                65.04467122653669,
                41.214874469529164
              ],
              [
                65.69992684642584,
                41.745771445204454
              ],
              [
                66.57080608977697,
                42.189128150910484
              ],
              [
                67.61363943485343,
                42.52271283012677
              ],
              [
                68.77613486324027,
                42.729798154109105
              ],
              [
                70.0,
                42.8
              ],
              [
                71.22386513675973,
                42.729798154109105
              ],
              [
                72.38636056514657,
                42.52271283012677
              ],
              [
                73.42919391022303,
                42.189128150910484
              ],
              [
                74.30007315357416,
                41.745771445204454
              ],
              [
                74.95532877346331,
                41.214874469529164
              ],
              [
                75.36210351700004,
                40.62305861507768
              ],
              [
                75.5,
                40.0
              ],
              [
                75.36210351700004,
                39.37694138492232
              ]
            ]
          ]
        ]
      }
    },
    {
      "type": "Feature",
      "properties": {
        "id": "buddhist",
        "style": "hatch",
        "year": 500
      },
      "geometry": {
        "type": "Polygon",
        "coordinates": [
          [
            [
              116.5,
              33.5
            ],
            [
              116.33703142918185,
              34.39008373582526
            ],
            [
              115.85629764136573,
              35.23553495647023
            ],
            [
              115.0819046360422,
              35.99395920743493
            ],
            [
              114.05268371208177,
              36.62732592987212
            ],
            [
              112.82024430426412,
              37.103875471609676
            ],
            [
              111.44638607071604,
              37.3997116487273
            ],
            [
              110.0,
              37.5
            ],
            [
              108.55361392928396,
              37.3997116487273
            ],
            [
              107.17975569573588,
              37.103875471609676
            ],
            [
              105.94731628791823,
              36.62732592987212
            ],
            [
              104.9180953639578,
              35.99395920743493
            ],
            [
              104.14370235863427,
              35.23553495647023
            ],
            [
              103.66296857081815,
              34.39008373582526
            ],
            [
              103.5,
              33.5
            ],
            [
              103.66296857081815,
              32.60991626417474
            ],
            [
              104.14370235863427,
              31.764465043529768
            ],
            [
              104.9180953639578,
              31.006040792565067
            ],
            [
              105.94731628791823,
              30.372674070127882
            ],
            [
              107.17975569573588,
              29.896124528390324
            ],
            [
              108.55361392928396,
              29.600288351272706
            ],
            [
              110.0,
              29.5
            ],
            [
              111.44638607071603,
              29.600288351272706
            ],
            [
              112.82024430426412,
              29.896124528390324
            ],
            [
              114.05268371208177,
              30.37267407012788
            ],
            [
              115.0819046360422,
              31.006040792565067
            ],
            [
              115.85629764136573,
              31.76446504352977
            ],
            [
              116.33703142918185,
              32.60991626417474
            ],
            [
              116.5,
              33.5
            ]
          ]
        ]
      }
    },
    {
      "type": "Feature",
      "properties": {
        "id": "jewish",
        "style": "spot",
        "year": 500
      },
      "geometry": {
        "type": "MultiPolygon",
        "coordinates": [
          [
            [
              [
                30.262368169802922,
                31.078512553047084
              ],
              [
                30.217095963337854,
                31.025422855479555
              ],
              [
                30.15692612470632,
                30.98108718490895
              ],
              [
                30.084875820864674,
                30.94772871698732
              ],
              [
                30.0045579549034,
                30.92702018458909
              ],
              [
                29.92,
                30.919999999999998
              ],
              [
                29.835442045096602,
                30.92702018458909
              ],
              [
                29.75512417913533,
                30.94772871698732
              ],
              [
                29.683073875293683,
                30.98108718490895
              ],
              [
                29.62290403666215,
                31.025422855479555
              ],
              [
                29.57763183019708,
                31.078512553047084
              ],
              [
                29.54952739337091,
                31.137694138492233
              ],
              [
                29.540000000000003,
                31.2
              ],
              [
                29.54952739337091,
                31.262305861507766
              ],
              [
                29.57763183019708,
                31.321487446952915
              ],
              [
                29.62290403666215,
                31.374577144520444
              ],
              [
                29.683073875293683,
                31.418912815091048
              ],
              [
                29.75512417913533,
                31.452271283012678
              ],
              [
                29.835442045096602,
                31.47297981541091
              ],
              [
                29.92,
                31.48
              ],
              [
                30.0045579549034,
                31.47297981541091
              ],
              [
                30.084875820864674,
                31.452271283012678
              ],
              [
                30.15692612470632,
                31.418912815091048
              ],
              [
                30.217095963337854,
                31.374577144520444
              ],
              [
                30.262368169802922,
                31.321487446952915
              ],
              [
                30.290472606629095,
                31.262305861507766
              ],
              [
                30.3,
                31.2
              ],
              [
                30.290472606629095,
                31.137694138492233
              ],
              [
                30.262368169802922,
                31.078512553047084
              ]
            ]
          ],
          [
            [
              [
                35.63000731535742,
                31.23238264860595
              ],
              [
                35.54291939102231,
                31.113626388148976
              ],
              [
                35.43863605651466,
                31.024273349073184
              ],
              [
                35.32238651367597,
                30.96880406586363
              ],
              [
                35.2,
                30.95
              ],
              [
                35.07761348632403,
                30.968804065863633
              ],
              [
                34.961363943485345,
                31.024273349073184
              ],
              [
                34.8570806089777,
                31.113626388148976
              ],
              [
                34.76999268464259,
                31.23238264860595
              ],
              [
                34.704467122653675,
                31.37458719566183
              ],
              [
                34.663789648299996,
                31.533109299532764
              ],
              [
                34.650000000000006,
                31.7
              ],
              [
                34.663789648299996,
                31.866890700467234
              ],
              [
                34.704467122653675,
                32.02541280433817
              ],
              [
                34.76999268464259,
                32.16761735139405
              ],
              [
                34.8570806089777,
                32.28637361185102
              ],
              [
                34.961363943485345,
                32.375726650926815
              ],
              [
                35.07761348632403,
                32.43119593413637
              ],
              [
                35.2,
                32.45
              ],
              [
                35.32238651367597,
                32.43119593413637
              ],
              [
                35.43863605651466,
                32.375726650926815
              ],
              [
                35.54291939102231,
                32.28637361185102
              ],
              [
                35.63000731535742,
                32.16761735139405
              ],
              [
                35.69553287734633,
                32.02541280433817
              ],
              [
                35.73621035170001,
                31.866890700467234
              ],
              [
                35.75,
                31.7
              ],
              [
                35.73621035170001,
                31.533109299532764
              ],
              [
                35.69553287734633,
                31.37458719566183
              ],
              [
                35.63000731535742,
                31.23238264860595
              ]
            ]
          ],
          [
            [
              [
                45.036373611851026,
                32.157080608977694
              ],
              [
                44.91761735139405,
                32.069992684642585
              ],
              [
                44.775412804338174,
                32.00446712265367
              ],
              [
                44.61689070046724,
                31.963789648299997
              ],
              [
                44.45,
                31.95
              ],
              [
                44.28310929953277,
                31.963789648299997
              ],
              [
                44.12458719566183,
                32.00446712265367
              ],
              [
                43.982382648605956,
                32.069992684642585
              ],
              [
                43.86362638814898,
                32.157080608977694
              ],
              [
                43.77427334907319,
                32.26136394348534
              ],
              [
                43.71880406586364,
                32.37761348632403
              ],
              [
                43.7,
                32.5
              ],
              [
                43.71880406586364,
                32.62238651367597
              ],
              [
                43.77427334907319,
                32.73863605651466
              ],
              [
                43.86362638814898,
                32.842919391022306
              ],
              [
                43.982382648605956,
                32.930007315357415
              ],
              [
                44.12458719566183,
                32.99553287734633
              ],
              [
                44.28310929953277,
                33.03621035170001
              ],
              [
                44.45,
                33.05
              ],
              [
                44.61689070046724,
                33.03621035170001
              ],
              [
                44.775412804338174,
                32.99553287734633
              ],
              [
                44.91761735139405,
                32.930007315357415
              ],
              [
                45.036373611851026,
                32.842919391022306
              ],
              [
                45.125726650926815,
                32.73863605651466
              ],
              [
                45.18119593413637,
                32.62238651367597
              ],
              [
                45.2,
                32.5
              ],
              [
                45.18119593413637,
                32.37761348632403
              ],
              [
                45.125726650926815,
                32.26136394348534
              ],
              [
                45.036373611851026,
                32.157080608977694
              ]
            ]
          ],
          [
            [
              [
                22.130290660370726,
                32.72454557739414
              ],
              [
                22.09454944474041,
                32.68283224359108
              ],
              [
                22.04704694055762,
                32.647997073857034
              ],
              [
                21.990165121735266,
                32.621786849061465
              ],
              [
                21.926756280186893,
                32.60551585932
              ],
              [
                21.86,
                32.6
              ],
              [
                21.793243719813105,
                32.60551585932
              ],
              [
                21.729834878264732,
                32.621786849061465
              ],
              [
                21.672953059442378,
                32.647997073857034
              ],
              [
                21.62545055525959,
                32.68283224359108
              ],
              [
                21.589709339629273,
                32.72454557739414
              ],
              [
                21.567521626345453,
                32.77104539452961
              ],
              [
                21.56,
                32.82
              ],
              [
                21.567521626345453,
                32.86895460547039
              ],
              [
                21.589709339629273,
                32.91545442260586
              ],
              [
                21.62545055525959,
                32.95716775640892
              ],
              [
                21.672953059442378,
                32.992002926142966
              ],
              [
                21.729834878264732,
                33.018213150938536
              ],
              [
                21.793243719813105,
                33.03448414068
              ],
              [
                21.86,
                33.04
              ],
              [
                21.926756280186893,
                33.03448414068
              ],
              [
                21.990165121735266,
                33.018213150938536
              ],
              [
                22.04704694055762,
                32.992002926142966
              ],
              [
                22.09454944474041,
                32.95716775640892
              ],
              [
                22.130290660370726,
                32.91545442260586
              ],
              [
                22.152478373654546,
                32.86895460547039
              ],
              [
                22.16,
                32.82
              ],
              [
                22.152478373654546,
                32.77104539452961
              ],
              [
                22.130290660370726,
                32.72454557739414
              ]
            ]
          ],
          [
            [
              [
                28.29018607438977,
                38.34036244755391
              ],
              [
                28.239516736594794,
                38.30236044420767
              ],
              [
                28.178842796517618,
                38.27376747170342
              ],
              [
                28.11120669886602,
                38.25601730107636
              ],
              [
                28.04,
                38.25
              ],
              [
                27.968793301133978,
                38.25601730107636
              ],
              [
                27.90115720348238,
                38.27376747170342
              ],
              [
                27.840483263405204,
                38.30236044420767
              ],
              [
                27.78981392561023,
                38.34036244755391
              ],
              [
                27.751689962271225,
                38.385867902611785
              ],
              [
                27.728023068101816,
                38.43659497585049
              ],
              [
                27.72,
                38.49
              ],
              [
                27.728023068101816,
                38.543405024149514
              ],
              [
                27.751689962271225,
                38.59413209738822
              ],
              [
                27.78981392561023,
                38.639637552446096
              ],
              [
                27.840483263405204,
                38.67763955579233
              ],
              [
                27.90115720348238,
                38.70623252829658
              ],
              [
                27.968793301133978,
                38.72398269892364
              ],
              [
                28.04,
                38.730000000000004
              ],
              [
                28.11120669886602,
                38.72398269892364
              ],
              [
                28.178842796517618,
                38.70623252829658
              ],
              [
                28.239516736594794,
                38.67763955579233
              ],
              [
                28.29018607438977,
                38.639637552446096
              ],
              [
                28.328310037728773,
                38.59413209738822
              ],
              [
                28.351976931898182,
                38.543405024149514
              ],
              [
                28.36,
                38.49
              ],
              [
                28.351976931898182,
                38.43659497585049
              ],
              [
                28.328310037728773,
                38.385867902611785
              ],
              [
                28.29018607438977,
                38.34036244755391
              ]
            ]
          ],
          [
            [
              [
                12.718912815091048,
                41.76283224359108
              ],
              [
                12.674577144520445,
                41.72799707385703
              ],
              [
                12.621487446952916,
                41.70178684906146
              ],
              [
                12.562305861507769,
                41.68551585932
              ],
              [
                12.5,
                41.68
              ],
              [
                12.437694138492231,
                41.68551585932
              ],
              [
                12.378512553047084,
                41.70178684906146
              ],
              [
                12.325422855479555,
                41.72799707385703
              ],
              [
                12.281087184908952,
                41.76283224359108
              ],
              [
                12.247728716987323,
                41.80454557739414
              ],
              [
                12.22702018458909,
                41.851045394529606
              ],
              [
                12.22,
                41.9
              ],
              [
                12.22702018458909,
                41.94895460547039
              ],
              [
                12.247728716987323,
                41.99545442260586
              ],
              [
                12.281087184908952,
                42.03716775640892
              ],
              [
                12.325422855479555,
                42.072002926142964
              ],
              [
                12.378512553047084,
                42.098213150938534
              ],
              [
                12.437694138492231,
                42.11448414068
              ],
              [
                12.5,
                42.12
              ],
              [
                12.562305861507769,
                42.11448414068
              ],
              [
                12.621487446952916,
                42.098213150938534
              ],
              [
                12.674577144520445,
                42.072002926142964
              ],
              [
                12.718912815091048,
                42.03716775640892
              ],
              [
                12.752271283012677,
                41.99545442260586
              ],
              [
                12.77297981541091,
                41.94895460547039
              ],
              [
                12.78,
                41.9
              ],
              [
                12.77297981541091,
                41.851045394529606
              ],
              [
                12.752271283012677,
                41.80454557739414
              ],
              [
                12.718912815091048,
                41.76283224359108
              ]
            ]
          ]
        ]
      }
    },
    {
      "type": "Feature",
      "properties": {
        "id": "christian",
        "style": "dot",
        "year": 500
      },
      "geometry": {
        "type": "Point",
        "coordinates": [
          35.22,
          31.78
        ]
      }
    },
    {
      "type": "Feature",
      "properties": {
        "id": "christian",
        "style": "dot",
        "year": 500
      },
      "geometry": {
        "type": "Point",
        "coordinates": [
          36.2,
          36.2
        ]
      }
    },
    {
      "type": "Feature",
      "properties": {
        "id": "christian",
        "style": "dot",
        "year": 500
      },
      "geometry": {
        "type": "Point",
        "coordinates": [
          12.48,
          41.9
        ]
      }
    },
    {
      "type": "Feature",
      "properties": {
        "id": "christian",
        "style": "dot",
        "year": 500
      },
      "geometry": {
        "type": "Point",
        "coordinates": [
          29.92,
          31.2
        ]
      }
    },
    {
      "type": "Feature",
      "properties": {
        "id": "christian",
        "style": "dot",
        "year": 500
      },
      "geometry": {
        "type": "Point",
        "coordinates": [
          27.34,
          37.94
        ]
      }
    },
    {
      "type": "Feature",
      "properties": {
        "id": "christian",
        "style": "dot",
        "year": 500
      },
      "geometry": {
        "type": "Point",
        "coordinates": [
          22.93,
          37.94
        ]
      }
    },
    {
      "type": "Feature",
      "properties": {
        "id": "christian",
        "style": "dot",
        "year": 500
      },
      "geometry": {
        "type": "Point",
        "coordinates": [
          10.32,
          36.85
        ]
      }
    },
    {
      "type": "Feature",
      "properties": {
        "id": "christian",
        "style": "dot",
        "year": 500
      },
      "geometry": {
        "type": "Point",
        "coordinates": [
          27.14,
          38.42
        ]
      }
    }
  ]
}