{
  "type": "FeatureCollection",
  "name": "fixplanet-religion-pilot-1600",
  "properties": {
    "year": 1600,
    "author": "Fix Planet schematic reconstruction",
    "note": "Original artwork. Not a census. Australia Aboriginal from 1600; NSW speck 1800 only."
  },
  "features": [
    {
      "type": "Feature",
      "properties": {
        "id": "local_trad",
        "style": "fill",
        "year": 1600
      },
      "geometry": {
        "type": "MultiPolygon",
        "coordinates": [
          [
            [
              [
                45.40581320741452,
                11.037186173822906
              ],
              [
                45.84956747309094,
                9.5576465376942
              ],
              [
                46.0,
                8.0
              ],
              [
                45.84956747309094,
                6.442353462305798
              ],
              [
                45.40581320741452,
                4.962813826177097
              ],
              [
                44.69098889480818,
                3.6355713869888637
              ],
              [
                43.740938811152404,
                2.527179622723791
              ],
              [
                42.60330243470535,
                1.693217924683065
              ],
              [
                41.33512560373788,
                1.1755046147272328
              ],
              [
                40.0,
                1.0
              ],
              [
                38.664874396262114,
                1.1755046147272346
              ],
              [
                37.39669756529465,
                1.6932179246830668
              ],
              [
                36.259061188847596,
                2.527179622723792
              ],
              [
                35.30901110519182,
                3.635571386988863
              ],
              [
                34.59418679258548,
                4.9628138261770935
              ],
              [
                34.15043252690906,
                6.442353462305803
              ],
              [
                34.0,
                8.0
              ],
              [
                34.15043252690906,
                9.557646537694199
              ],
              [
                34.59418679258549,
                11.037186173822908
              ],
              [
                35.30901110519182,
                12.364428613011137
              ],
              [
                36.259061188847596,
                13.472820377276209
              ],
              [
                37.39669756529465,
                14.306782075316935
              ],
              [
                38.664874396262114,
                14.824495385272765
              ],
              [
                39.759667327371886,
                14.96840784642443
              ],
              [
                38.18168517531971,
                16.388591783271394
              ],
              [
                36.990311320975806,
                18.095046347941977
              ],
              [
                36.25072087818177,
                19.997311594393175
              ],
              [
                36.0,
                22.0
              ],
              [
                36.25072087818177,
                24.002688405606825
              ],
              [
                36.990311320975806,
                25.904953652058023
              ],
              [
                38.18168517531971,
                27.611408216728606
              ],
              [
                39.76510198141266,
                29.03648334221227
              ],
              [
                41.66116260882442,
                30.108719811121773
              ],
              [
                43.77479066043686,
                30.774351209636414
              ],
              [
                46.0,
                31.0
              ],
              [
                48.22520933956314,
                30.774351209636414
              ],
              [
                50.33883739117558,
                30.108719811121773
              ],
              [
                52.23489801858734,
                29.036483342212268
              ],
              [
                53.8183148246803,
                27.611408216728602
              ],
              [
                55.009688679024194,
                25.904953652058023
              ],
              [
                55.74927912181823,
                24.00268840560683
              ],
              [
                56.0,
                22.0
              ],
              [
                55.74927912181823,
                19.997311594393167
              ],
              [
                55.009688679024194,
                18.09504634794198
              ],
              [
                53.8183148246803,
                16.388591783271398
              ],
              [
                52.23489801858733,
                14.96351665778773
              ],
              [
                50.33883739117558,
                13.891280188878227
              ],
              [
                48.225209339563136,
                13.225648790363586
              ],
              [
                46.0,
                13.0
              ],
              [
                43.96974547310796,
                13.205879271661392
              ],
              [
                44.69098889480818,
                12.364428613011135
              ],
              [
                45.40581320741452,
                11.037186173822906
              ]
            ]
          ],
          [
            [
              [
                115.94564075455241,
                6.141612179553929
              ],
              [
                113.72885722602227,
                4.399853692851671
              ],
              [
                111.0743723476458,
                3.089342453073389
              ],
              [
                108.1152930753884,
                2.275792965999937
              ],
              [
                105.0,
                2.0
              ],
              [
                101.88470692461159,
                2.2757929659999405
              ],
              [
                98.92562765235418,
                3.0893424530733906
              ],
              [
                96.27114277397773,
                4.399853692851673
              ],
              [
                94.05435924544759,
                6.141612179553928
              ],
              [
                92.38643584936614,
                8.227278869706861
              ],
              [
                91.35100922945446,
                10.552269726480548
              ],
              [
                91.0,
                13.000000000000002
              ],
              [
                91.35100922945446,
                15.447730273519454
              ],
              [
                92.38643584936614,
                17.772721130293142
              ],
              [
                94.05435924544759,
                19.858387820446072
              ],
              [
                96.27114277397773,
                21.60014630714833
              ],
              [
                98.9256276523542,
                22.91065754692661
              ],
              [
                101.8847069246116,
                23.72420703400006
              ],
              [
                105.0,
                24.0
              ],
              [
                108.11529307538841,
                23.72420703400006
              ],
              [
                111.07437234764582,
                22.91065754692661
              ],
              [
                113.72885722602227,
                21.60014630714833
              ],
              [
                115.94564075455241,
                19.85838782044607
              ],
              [
                117.61356415063386,
                17.77272113029314
              ],
              [
                118.64899077054554,
                15.447730273519458
              ],
              [
                119.0,
                13.0
              ],
              [
                118.64899077054552,
                10.552269726480539
              ],
              [
                117.61356415063388,
                8.227278869706868
              ],
              [
                115.94564075455241,
                6.141612179553929
              ]
            ]
          ],
          [
            [
              [
                141.8183148246803,
                29.765101981412663
              ],
              [
                140.23489801858733,
                28.1816851753197
              ],
              [
                138.3388373911756,
                26.990311320975806
              ],
              [
                136.22520933956312,
                26.25072087818176
              ],
              [
                134.0,
                26.0
              ],
              [
                131.77479066043685,
                26.250720878181763
              ],
              [
                129.6611626088244,
                26.99031132097581
              ],
              [
                127.76510198141267,
                28.181685175319704
              ],
              [
                126.1816851753197,
                29.765101981412663
              ],
              [
                124.9903113209758,
                31.66116260882442
              ],
              [
                124.25072087818177,
                33.774790660436864
              ],
              [
                124.0,
                36.0
              ],
              [
                124.25072087818177,
                38.22520933956314
              ],
              [
                124.9903113209758,
                40.33883739117558
              ],
              [
                126.1816851753197,
                42.23489801858734
              ],
              [
                127.76510198141267,
                43.8183148246803
              ],
              [
                129.6611626088244,
                45.009688679024194
              ],
              [
                131.77479066043685,
                45.74927912181823
              ],
              [
                134.0,
                46.0
              ],
              [
                136.22520933956315,
                45.74927912181823
              ],
              [
                138.3388373911756,
                45.009688679024194
              ],
              [
                140.23489801858733,
                43.8183148246803
              ],
              [
                141.8183148246803,
                42.23489801858734
              ],
              [
                143.00968867902418,
                40.33883739117558
              ],
              [
                143.74927912181823,
                38.22520933956314
              ],
              [
                144.0,
                36.0
              ],
              [
                143.74927912181823,
                33.77479066043686
              ],
              [
                143.00968867902418,
                31.661162608824426
              ],
              [
                141.8183148246803,
                29.765101981412663
              ]
            ]
          ],
          [
            [
              [
                112.83692226365724,
                44.51812237769519
              ],
              [
                106.1865716780668,
                42.61802221038364
              ],
              [
                98.22311704293743,
                41.188373585170964
              ],
              [
                89.34587922616515,
                40.300865053818114
              ],
              [
                79.99999999999999,
                40.0
              ],
              [
                70.65412077383479,
                40.300865053818114
              ],
              [
                61.776882957062554,
                41.18837358517097
              ],
              [
                53.81342832193319,
                42.61802221038364
              ],
              [
                47.16307773634276,
                44.51812237769519
              ],
              [
                45.97394490732032,
                45.05883496513637
              ],
              [
                42.4456328669144,
                43.49069628051152
              ],
              [
                35.61981460823209,
                41.584498113561295
              ],
              [
                28.01075362242728,
                40.40115340509082
              ],
              [
                19.999999999999993,
                40.0
              ],
              [
                11.989246377572675,
                40.401153405090824
              ],
              [
                4.380185391767903,
                41.584498113561295
              ],
              [
                -2.445632866914412,
                43.49069628051153
              ],
              [
                -8.145933368849064,
                46.02416317026026
              ],
              [
                -12.434879244487092,
                49.05786017411907
              ],
              [
                -15.097404838545657,
                52.43966505669898
              ],
              [
                -16.0,
                56.0
              ],
              [
                -15.097404838545657,
                59.56033494330102
              ],
              [
                -12.434879244487085,
                62.94213982588093
              ],
              [
                -8.145933368849061,
                65.97583682973975
              ],
              [
                -2.445632866914405,
                68.50930371948849
              ],
              [
                4.38018539176791,
                70.4155018864387
              ],
              [
                11.989246377572684,
                71.59884659490918
              ],
              [
                20.000000000000004,
                72.0
              ],
              [
                28.01075362242732,
                71.59884659490918
              ],
              [
                35.61981460823209,
                70.4155018864387
              ],
              [
                42.44563286691441,
                68.50930371948847
              ],
              [
                48.14593336884907,
                65.97583682973973
              ],
              [
                52.43487924448709,
                62.94213982588093
              ],
              [
                53.69079479118939,
                61.34693963797527
              ],
              [
                53.813428321933195,
                61.38197778961636
              ],
              [
                61.77688295706256,
                62.81162641482903
              ],
              [
                70.65412077383479,
                63.699134946181886
              ],
              [
                80.0,
                64.0
              ],
              [
                89.34587922616521,
                63.699134946181886
              ],
              [
                98.22311704293745,
                62.81162641482903
              ],
              [
                106.18657167806681,
                61.38197778961636
              ],
              [
                112.83692226365724,
                59.4818776223048
              ],
              [
                117.8406924519016,
                57.2066048694107
              ],
              [
                120.94697231163659,
                54.67025120747577
              ],
              [
                122.0,
                52.0
              ],
              [
                120.94697231163659,
                49.32974879252423
              ],
              [
                117.84069245190162,
                46.79339513058931
              ],
              [
                112.83692226365724,
                44.51812237769519
              ]
            ]
          ]
        ]
      }
    },
    {
      "type": "Feature",
      "properties": {
        "id": "african_trad",
        "style": "fill",
        "year": 1600
      },
      "geometry": {
        "type": "Polygon",
        "coordinates": [
          [
            [
              54.0,
              2.0
            ],
            [
              53.09740483854565,
              9.56571175451469
            ],
            [
              50.43487924448709,
              16.752047129996974
            ],
            [
              46.14593336884907,
              23.198653263196938
            ],
            [
              40.44563286691441,
              28.582270403913014
            ],
            [
              33.61981460823209,
              32.63294150868225
            ],
            [
              26.01075362242732,
              35.147549014182005
            ],
            [
              18.000000000000004,
              36.0
            ],
            [
              9.989246377572684,
              35.147549014182005
            ],
            [
              2.3801853917679097,
              32.63294150868225
            ],
            [
              -4.445632866914405,
              28.582270403913018
            ],
            [
              -10.145933368849061,
              23.198653263196952
            ],
            [
              -14.434879244487085,
              16.75204712999698
            ],
            [
              -17.097404838545657,
              9.565711754514679
            ],
            [
              -18.0,
              2.000000000000004
            ],
            [
              -17.097404838545657,
              -5.565711754514671
            ],
            [
              -14.434879244487092,
              -12.752047129996972
            ],
            [
              -10.145933368849064,
              -19.19865326319695
            ],
            [
              -4.445632866914412,
              -24.58227040391301
            ],
            [
              2.3801853917679026,
              -28.632941508682247
            ],
            [
              9.989246377572675,
              -31.147549014182005
            ],
            [
              17.999999999999993,
              -32.0
            ],
            [
              26.01075362242728,
              -31.14754901418201
            ],
            [
              33.61981460823209,
              -28.632941508682254
            ],
            [
              40.4456328669144,
              -24.582270403913018
            ],
            [
              46.14593336884907,
              -19.198653263196945
            ],
            [
              50.4348792444871,
              -12.752047129996955
            ],
            [
              53.09740483854564,
              -5.565711754514698
            ],
            [
              54.0,
              2.0
            ]
          ]
        ]
      }
    },
    {
      "type": "Feature",
      "properties": {
        "id": "hindu",
        "style": "fill",
        "year": 1600
      },
      "geometry": {
        "type": "Polygon",
        "coordinates": [
          [
            [
              96.0,
              21.0
            ],
            [
              95.59884659490918,
              24.67159541027919
            ],
            [
              94.4155018864387,
              28.15908169543971
            ],
            [
              92.50930371948847,
              31.287581730669103
            ],
            [
              89.97583682973973,
              33.90021946072249
            ],
            [
              86.94213982588093,
              35.865986320389915
            ],
            [
              83.56033494330103,
              37.08631055100009
            ],
            [
              80.0,
              37.5
            ],
            [
              76.43966505669897,
              37.08631055100009
            ],
            [
              73.05786017411907,
              35.865986320389915
            ],
            [
              70.02416317026027,
              33.9002194607225
            ],
            [
              67.49069628051153,
              31.28758173066911
            ],
            [
              65.5844981135613,
              28.15908169543971
            ],
            [
              64.40115340509082,
              24.67159541027918
            ],
            [
              64.0,
              21.000000000000004
            ],
            [
              64.40115340509082,
              17.328404589720822
            ],
            [
              65.5844981135613,
              13.840918304560294
            ],
            [
              67.49069628051153,
              10.712418269330891
            ],
            [
              70.02416317026027,
              8.09978053927751
            ],
            [
              73.05786017411907,
              6.134013679610085
            ],
            [
              76.43966505669897,
              4.913689448999911
            ],
            [
              80.0,
              4.5
            ],
            [
              83.56033494330102,
              4.913689448999907
            ],
            [
              86.94213982588093,
              6.1340136796100815
            ],
            [
              89.97583682973973,
              8.099780539277507
            ],
            [
              92.50930371948847,
              10.712418269330893
            ],
            [
              94.4155018864387,
              13.8409183045603
            ],
            [
              95.59884659490918,
              17.328404589720808
            ],
            [
              96.0,
              21.0
            ]
          ]
        ]
      }
    },
    {
      "type": "Feature",
      "properties": {
        "id": "chinese_imperial",
        "style": "fill",
        "year": 1600
      },
      "geometry": {
        "type": "Polygon",
        "coordinates": [
          [
            [
              126.0,
              32.5
            ],
            [
              125.64899077054554,
              35.17025120747577
            ],
            [
              124.61356415063386,
              37.7066048694107
            ],
            [
              122.94564075455241,
              39.9818776223048
            ],
            [
              120.72885722602227,
              41.88197778961636
            ],
            [
              118.07437234764582,
              43.31162641482903
            ],
            [
              115.11529307538841,
              44.199134946181886
            ],
            [
              112.0,
              44.5
            ],
            [
              108.8847069246116,
              44.199134946181886
            ],
            [
              105.9256276523542,
              43.31162641482903
            ],
            [
              103.27114277397773,
              41.88197778961636
            ],
            [
              101.05435924544759,
              39.98187762230481
            ],
            [
              99.38643584936614,
              37.7066048694107
            ],
            [
              98.35100922945446,
              35.17025120747577
            ],
            [
              98.0,
              32.5
            ],
            [
              98.35100922945446,
              29.829748792524235
            ],
            [
              99.38643584936614,
              27.293395130589303
            ],
            [
              101.05435924544759,
              25.018122377695192
            ],
            [
              103.27114277397773,
              23.118022210383643
            ],
            [
              105.92562765235418,
              21.68837358517097
            ],
            [
              108.88470692461159,
              20.800865053818114
            ],
            [
              112.0,
              20.5
            ],
            [
              115.1152930753884,
              20.800865053818114
            ],
            [
              118.0743723476458,
              21.688373585170968
            ],
            [
              120.72885722602227,
              23.118022210383643
            ],
            [
              122.94564075455241,
              25.018122377695196
            ],
            [
              124.61356415063388,
              27.29339513058931
            ],
            [
              125.64899077054552,
              29.829748792524224
            ],
            [
              126.0,
              32.5
            ]
          ]
        ]
      }
    },
    {
      "type": "Feature",
      "properties": {
        "id": "local_trad",
        "style": "fill",
        "year": 1600
      },
      "geometry": {
        "type": "MultiPolygon",
        "coordinates": [
          [
            [
              [
                -58.25072087818177,
                -35.32974879252423
              ],
              [
                -58.0,
                -38.0
              ],
              [
                -58.25072087818177,
                -40.67025120747577
              ],
              [
                -58.990311320975806,
                -43.20660486941069
              ],
              [
                -60.1816851753197,
                -45.48187762230481
              ],
              [
                -61.76510198141267,
                -47.38197778961636
              ],
              [
                -63.66116260882442,
                -48.811626414829036
              ],
              [
                -65.77479066043686,
                -49.699134946181886
              ],
              [
                -68.0,
                -50.0
              ],
              [
                -70.22520933956315,
                -49.699134946181886
              ],
              [
                -72.33883739117559,
                -48.81162641482903
              ],
              [
                -74.23489801858733,
                -47.38197778961636
              ],
              [
                -75.8183148246803,
                -45.48187762230481
              ],
              [
                -77.0096886790242,
                -43.2066048694107
              ],
              [
                -77.74927912181823,
                -40.670251207475765
              ],
              [
                -78.0,
                -38.0
              ],
              [
                -77.74927912181823,
                -35.32974879252423
              ],
              [
                -77.0096886790242,
                -32.7933951305893
              ],
              [
                -75.8183148246803,
                -30.518122377695192
              ],
              [
                -74.23489801858733,
                -28.618022210383643
              ],
              [
                -72.33883739117559,
                -27.18837358517097
              ],
              [
                -70.22520933956315,
                -26.300865053818114
              ],
              [
                -68.0,
                -26.0
              ],
              [
                -66.48714707720634,
                -26.20454910373716
              ],
              [
                -67.0096886790242,
                -25.206604869410697
              ],
              [
                -67.74927912181823,
                -22.670251207475765
              ],
              [
                -67.76144876048012,
                -22.54064097091671
              ],
              [
                -68.07437234764582,
                -22.415501886438705
              ],
              [
                -70.72885722602227,
                -20.509303719488475
              ],
              [
                -72.94564075455241,
                -17.97583682973974
              ],
              [
                -74.61356415063386,
                -14.942139825880929
              ],
              [
                -75.64899077054554,
                -11.560334943301022
              ],
              [
                -76.0,
                -7.999999999999998
              ],
              [
                -75.64899077054554,
                -4.439665056698974
              ],
              [
                -74.61356415063386,
                -1.0578601741190683
              ],
              [
                -72.94564075455241,
                1.9758368297397428
              ],
              [
                -70.72885722602227,
                4.509303719488479
              ],
              [
                -68.0743723476458,
                6.415501886438706
              ],
              [
                -65.1152930753884,
                7.598846594909178
              ],
              [
                -62.0,
                8.0
              ],
              [
                -58.8847069246116,
                7.598846594909178
              ],
              [
                -55.92562765235419,
                6.415501886438706
              ],
              [
                -53.27114277397773,
                4.509303719488477
              ],
              [
                -51.054359245447586,
                1.9758368297397357
              ],
              [
                -49.38643584936613,
                -1.05786017411907
              ],
              [
                -48.35100922945447,
                -4.43966505669897
              ],
              [
                -48.0,
                -8.0
              ],
              [
                -48.35100922945447,
                -11.560334943301035
              ],
              [
                -49.21153655894995,
                -14.370901591403577
              ],
              [
                -48.990311320975806,
                -14.793395130589303
              ],
              [
                -48.25072087818177,
                -17.329748792524228
              ],
              [
                -48.0,
                -20.0
              ],
              [
                -48.25072087818177,
                -22.670251207475776
              ],
              [
                -48.990311320975806,
                -25.20660486941069
              ],
              [
                -50.1816851753197,
                -27.481877622304804
              ],
              [
                -51.76510198141267,
                -29.381977789616357
              ],
              [
                -53.66116260882442,
                -30.811626414829032
              ],
              [
                -55.774790660436864,
                -31.699134946181886
              ],
              [
                -58.0,
                -32.0
              ],
              [
                -59.512852922793655,
                -31.79545089626284
              ],
              [
                -58.990311320975806,
                -32.7933951305893
              ],
              [
                -58.25072087818177,
                -35.32974879252423
              ]
            ]
          ],
          [
            [
              [
                148.66388242565853,
                -34.25355518639402
              ],
              [
                145.73456133438657,
                -36.50200705104602
              ],
              [
                142.22684917367482,
                -38.19375792421435
              ],
              [
                138.3166372781918,
                -39.243976352981896
              ],
              [
                134.2,
                -39.599999999999994
              ],
              [
                130.08336272180816,
                -39.24397635298189
              ],
              [
                126.17315082632516,
                -38.193757924214346
              ],
              [
                122.66543866561341,
                -36.50200705104602
              ],
              [
                119.73611757434145,
                -34.25355518639402
              ],
              [
                117.53207594380524,
                -31.56114909546932
              ],
              [
                116.16383362463625,
                -28.559797262179654
              ],
              [
                115.69999999999999,
                -25.4
              ],
              [
                116.16383362463625,
                -22.24020273782034
              ],
              [
                117.53207594380524,
                -19.238850904530672
              ],
              [
                119.73611757434145,
                -16.546444813605977
              ],
              [
                122.66543866561342,
                -14.297992948953974
              ],
              [
                126.17315082632517,
                -12.606242075785648
              ],
              [
                130.0833627218082,
                -11.556023647018105
              ],
              [
                134.2,
                -11.2
              ],
              [
                138.31663727819182,
                -11.556023647018105
              ],
              [
                142.22684917367482,
                -12.606242075785648
              ],
              [
                145.73456133438657,
                -14.297992948953976
              ],
              [
                148.66388242565853,
                -16.546444813605984
              ],
              [
                150.86792405619474,
                -19.238850904530672
              ],
              [
                152.23616637536372,
                -22.240202737820333
              ],
              [
                152.7,
                -25.4
              ],
              [
                152.23616637536372,
                -28.559797262179668
              ],
              [
                150.86792405619474,
                -31.561149095469315
              ],
              [
                148.66388242565853,
                -34.25355518639402
              ]
            ]
          ],
          [
            [
              [
                -90.92703331557547,
                32.51812237769519
              ],
              [
                -93.7771835665428,
                30.618022210383643
              ],
              [
                -97.19009269588396,
                29.188373585170968
              ],
              [
                -100.99462318878636,
                28.300865053818114
              ],
              [
                -105.0,
                28.0
              ],
              [
                -109.00537681121367,
                28.300865053818114
              ],
              [
                -112.80990730411605,
                29.18837358517097
              ],
              [
                -116.22281643345721,
                30.618022210383643
              ],
              [
                -119.07296668442453,
                32.51812237769519
              ],
              [
                -121.21743962224355,
                34.7933951305893
              ],
              [
                -122.54870241927283,
                37.329748792524235
              ],
              [
                -123.0,
                40.0
              ],
              [
                -122.57196281317944,
                42.532623403631995
              ],
              [
                -123.45494447404089,
                42.95939787304836
              ],
              [
                -127.02906603707257,
                45.708685782795406
              ],
              [
                -129.2478373654547,
                48.77344645763345
              ],
              [
                -130.0,
                52.0
              ],
              [
                -129.2478373654547,
                55.22655354236655
              ],
              [
                -127.02906603707257,
                58.291314217204594
              ],
              [
                -123.45494447404089,
                61.04060212695164
              ],
              [
                -118.704694055762,
                63.33655649578643
              ],
              [
                -113.01651217352673,
                65.06404858458508
              ],
              [
                -106.67562801868942,
                66.13645472663644
              ],
              [
                -100.0,
                66.5
              ],
              [
                -93.32437198131056,
                66.13645472663644
              ],
              [
                -86.98348782647325,
                65.06404858458508
              ],
              [
                -81.295305944238,
                63.33655649578643
              ],
              [
                -76.5450555259591,
                61.04060212695163
              ],
              [
                -72.97093396292743,
                58.291314217204594
              ],
              [
                -70.7521626345453,
                55.22655354236656
              ],
              [
                -70.0,
                52.0
              ],
              [
                -70.7521626345453,
                48.77344645763344
              ],
              [
                -72.97093396292742,
                45.70868578279541
              ],
              [
                -76.54505552595911,
                42.95939787304836
              ],
              [
                -81.295305944238,
                40.66344350421357
              ],
              [
                -86.98348782647327,
                38.93595141541492
              ],
              [
                -87.18561169686872,
                38.90176708484299
              ],
              [
                -87.45129758072719,
                37.32974879252423
              ],
              [
                -88.78256037775645,
                34.79339513058931
              ],
              [
                -90.92703331557547,
                32.51812237769519
              ]
            ]
          ]
        ]
      }
    },
    {
      "type": "Feature",
      "properties": {
        "id": "buddhist",
        "style": "fill",
        "year": 1600
      },
      "geometry": {
        "type": "MultiPolygon",
        "coordinates": [
          [
            [
              [
                81.95093037194886,
                6.103624475539039
              ],
              [
                81.69758368297397,
                5.723604442076728
              ],
              [
                81.3942139825881,
                5.437674717034193
              ],
              [
                81.05603349433011,
                5.260173010763623
              ],
              [
                80.7,
                5.199999999999999
              ],
              [
                80.3439665056699,
                5.260173010763623
              ],
              [
                80.0057860174119,
                5.437674717034194
              ],
              [
                79.70241631702604,
                5.723604442076729
              ],
              [
                79.44906962805115,
                6.103624475539038
              ],
              [
                79.25844981135613,
                6.5586790261178605
              ],
              [
                79.14011534050908,
                7.065949758504846
              ],
              [
                79.10000000000001,
                7.6
              ],
              [
                79.14011534050908,
                8.134050241495153
              ],
              [
                79.25844981135613,
                8.64132097388214
              ],
              [
                79.44906962805115,
                9.09637552446096
              ],
              [
                79.70241631702604,
                9.476395557923272
              ],
              [
                80.0057860174119,
                9.762325282965806
              ],
              [
                80.3439665056699,
                9.939826989236376
              ],
              [
                80.7,
                10.0
              ],
              [
                81.05603349433011,
                9.939826989236376
              ],
              [
                81.3942139825881,
                9.762325282965806
              ],
              [
                81.69758368297397,
                9.47639555792327
              ],
              [
                81.95093037194886,
                9.09637552446096
              ],
              [
                82.14155018864388,
                8.64132097388214
              ],
              [
                82.25988465949092,
                8.134050241495155
              ],
              [
                82.3,
                7.6
              ],
              [
                82.25988465949092,
                7.0659497585048445
              ],
              [
                82.14155018864388,
                6.558679026117861
              ],
              [
                81.95093037194886,
                6.103624475539039
              ]
            ]
          ],
          [
            [
              [
                87.6761735139405,
                21.87267407012788
              ],
              [
                86.25412804338168,
                21.396124528390324
              ],
              [
                84.66890700467235,
                21.100288351272706
              ],
              [
                83.0,
                21.0
              ],
              [
                81.33109299532764,
                21.100288351272706
              ],
              [
                79.74587195661832,
                21.396124528390324
              ],
              [
                78.3238264860595,
                21.872674070127882
              ],
              [
                77.13626388148978,
                22.506040792565067
              ],
              [
                76.24273349073185,
                23.264465043529768
              ],
              [
                75.68804065863633,
                24.109916264174746
              ],
              [
                75.5,
                25.0
              ],
              [
                75.68804065863633,
                25.890083735825257
              ],
              [
                76.24273349073185,
                26.735534956470232
              ],
              [
                77.13626388148978,
                27.493959207434937
              ],
              [
                78.3238264860595,
                28.12732592987212
              ],
              [
                79.74587195661832,
                28.603875471609676
              ],
              [
                81.33109299532764,
                28.899711648727294
              ],
              [
                83.0,
                29.0
              ],
              [
                84.66890700467236,
                28.899711648727294
              ],
              [
                86.25412804338168,
                28.603875471609676
              ],
              [
                87.6761735139405,
                28.127325929872118
              ],
              [
                88.86373611851022,
                27.493959207434933
              ],
              [
                89.75726650926815,
                26.735534956470232
              ],
              [
                90.31195934136367,
                25.890083735825257
              ],
              [
                90.5,
                25.0
              ],
              [
                90.31195934136367,
                24.109916264174743
              ],
              [
                89.75726650926815,
                23.26446504352977
              ],
              [
                88.86373611851022,
                22.506040792565067
              ],
              [
                87.6761735139405,
                21.87267407012788
              ]
            ]
          ],
          [
            [
              [
                98.42919391022303,
                26.87267407012788
              ],
              [
                97.38636056514657,
                26.396124528390324
              ],
              [
                96.22386513675973,
                26.100288351272706
              ],
              [
                95.0,
                26.0
              ],
              [
                93.77613486324027,
                26.100288351272706
              ],
              [
                92.61363943485343,
                26.396124528390324
              ],
              [
                91.57080608977697,
                26.872674070127882
              ],
              [
                90.69992684642584,
                27.506040792565067
              ],
              [
                90.04467122653669,
                28.264465043529768
              ],
              [
                89.63789648299996,
                29.109916264174746
              ],
              [
                89.5,
                30.0
              ],
              [
                89.63789648299996,
                30.890083735825257
              ],
              [
                90.04467122653669,
                31.735534956470232
              ],
              [
                90.69992684642584,
                32.49395920743493
              ],
              [
                91.57080608977697,
                33.12732592987212
              ],
              [
                92.61363943485343,
                33.603875471609676
              ],
              [
                93.77613486324027,
                33.8997116487273
              ],
              [
                95.0,
                34.0
              ],
              [
                96.22386513675973,
                33.8997116487273
              ],
              [
                97.38636056514657,
                33.603875471609676
              ],
              [
                98.42919391022303,
                33.12732592987212
              ],
              [
                99.30007315357416,
                32.49395920743493
              ],
              [
                99.95532877346331,
                31.735534956470232
              ],
              [
                100.36210351700004,
                30.890083735825257
              ],
              [
                100.5,
                30.0
              ],
              [
                100.36210351700004,
                29.109916264174743
              ],
              [
                99.95532877346331,
                28.26446504352977
              ],
              [
                99.30007315357416,
                27.506040792565067
              ],
              [
                98.42919391022303,
                26.87267407012788
              ]
            ]
          ],
          [
            [
              [
                75.0,
                33.0
              ],
              [
                74.87463956090912,
                32.33243719813105
              ],
              [
                74.50484433951209,
                31.69834878264733
              ],
              [
                73.90915741234015,
                31.129530594423798
              ],
              [
                73.11744900929367,
                30.65450555259591
              ],
              [
                72.1694186955878,
                30.29709339629274
              ],
              [
                71.11260466978156,
                30.07521626345453
              ],
              [
                70.0,
                30.0
              ],
              [
                68.88739533021842,
                30.07521626345453
              ],
              [
                67.8305813044122,
                30.297093396292745
              ],
              [
                66.88255099070633,
                30.65450555259591
              ],
              [
                66.09084258765985,
                31.129530594423798
              ],
              [
                65.72521081526847,
                31.47867037379752
              ],
              [
                65.17975569573588,
                31.596124528390327
              ],
              [
                63.947316287918234,
                32.07267407012788
              ],
              [
                62.91809536395781,
                32.70604079256507
              ],
              [
                62.14370235863427,
                33.46446504352977
              ],
              [
                61.662968570818144,
                34.309916264174745
              ],
              [
                61.5,
                35.2
              ],
              [
                61.662968570818144,
                36.09008373582526
              ],
              [
                62.14370235863428,
                36.935534956470235
              ],
              [
                62.91809536395781,
                37.693959207434936
              ],
              [
                63.947316287918234,
                38.327325929872124
              ],
              [
                65.17975569573588,
                38.80387547160968
              ],
              [
                66.55361392928396,
                39.0997116487273
              ],
              [
                68.0,
                39.2
              ],
              [
                69.44638607071604,
                39.0997116487273
              ],
              [
                70.82024430426412,
                38.80387547160968
              ],
              [
                71.12021104153422,
                38.687886798839386
              ],
              [
                71.0,
                39.2
              ],
              [
                71.12536043909088,
                39.734050241495154
              ],
              [
                71.49515566048791,
                40.24132097388214
              ],
              [
                72.09084258765985,
                40.69637552446096
              ],
              [
                72.88255099070633,
                41.07639555792328
              ],
              [
                73.8305813044122,
                41.362325282965806
              ],
              [
                74.08676056577893,
                41.40535296323248
              ],
              [
                74.96351665778774,
                41.8704694055762
              ],
              [
                76.3885917832714,
                42.34549444740409
              ],
              [
                78.09504634794197,
                42.702906603707255
              ],
              [
                79.99731159439317,
                42.92478373654547
              ],
              [
                82.0,
                43.0
              ],
              [
                84.00268840560683,
                42.92478373654547
              ],
              [
                85.90495365205803,
                42.702906603707255
              ],
              [
                87.6114082167286,
                42.34549444740409
              ],
              [
                89.03648334221226,
                41.8704694055762
              ],
              [
                90.10871981112177,
                41.30165121735268
              ],
              [
                90.77435120963641,
                40.66756280186895
              ],
              [
                91.0,
                40.0
              ],
              [
                90.77435120963641,
                39.33243719813105
              ],
              [
                90.10871981112177,
                38.69834878264733
              ],
              [
                89.03648334221226,
                38.1295305944238
              ],
              [
                87.6114082167286,
                37.65450555259591
              ],
              [
                85.90495365205803,
                37.297093396292745
              ],
              [
                84.00268840560682,
                37.07521626345453
              ],
              [
                82.0,
                37.0
              ],
              [
                79.99731159439317,
                37.07521626345453
              ],
              [
                78.76893712937576,
                37.218491868609064
              ],
              [
                78.1694186955878,
                37.0376747170342
              ],
              [
                77.11260466978156,
                36.860173010763624
              ],
              [
                76.0,
                36.800000000000004
              ],
              [
                74.88739533021842,
                36.860173010763624
              ],
              [
                73.8305813044122,
                37.0376747170342
              ],
              [
                73.7170425661142,
                37.07191845349904
              ],
              [
                73.85629764136573,
                36.935534956470235
              ],
              [
                74.33703142918185,
                36.09008373582526
              ],
              [
                74.5,
                35.2
              ],
              [
                74.36071670814471,
                34.439277904136894
              ],
              [
                74.50484433951209,
                34.30165121735268
              ],
              [
                74.87463956090912,
                33.66756280186895
              ],
              [
                75.0,
                33.0
              ]
            ]
          ],
          [
            [
              [
                108.73973065263938,
                9.378109994672638
              ],
              [
                107.4504094259994,
                8.734768113326936
              ],
              [
                106.01314235090292,
                8.335389274218151
              ],
              [
                104.5,
                8.2
              ],
              [
                103.21987951807229,
                8.314539509687611
              ],
              [
                102.0,
                8.2
              ],
              [
                100.39784927551453,
                8.350432526909056
              ],
              [
                98.87603707835358,
                8.794186792585485
              ],
              [
                97.51087342661711,
                9.50901110519182
              ],
              [
                96.37081332623019,
                10.459061188847596
              ],
              [
                95.51302415110258,
                11.596697565294651
              ],
              [
                94.98051903229087,
                12.864874396262117
              ],
              [
                94.8,
                14.2
              ],
              [
                94.85008056827243,
                14.570397780786555
              ],
              [
                94.56046136203632,
                15.242891143427167
              ],
              [
                94.39999999999999,
                16.4
              ],
              [
                94.56046136203632,
                17.55710885657283
              ],
              [
                94.56086278552159,
                17.558040958531684
              ],
              [
                94.5,
                18.0
              ],
              [
                94.63789648299996,
                19.001344202803413
              ],
              [
                95.04467122653669,
                19.952476826029013
              ],
              [
                95.69992684642584,
                20.805704108364303
              ],
              [
                96.57080608977697,
                21.518241671106136
              ],
              [
                97.61363943485343,
                22.054359905560887
              ],
              [
                98.77613486324027,
                22.387175604818207
              ],
              [
                100.0,
                22.5
              ],
              [
                101.22386513675973,
                22.387175604818207
              ],
              [
                102.38636056514657,
                22.054359905560887
              ],
              [
                103.42919391022303,
                21.518241671106132
              ],
              [
                104.30007315357416,
                20.8057041083643
              ],
              [
                104.41362569200966,
                20.657844065915544
              ],
              [
                104.7903347318959,
                20.465523708833754
              ],
              [
                105.55845063221726,
                19.841429539822638
              ],
              [
                105.7438045565887,
                19.94445679235113
              ],
              [
                106.84289114342717,
                20.284668396036388
              ],
              [
                108.0,
                20.4
              ],
              [
                109.15710885657283,
                20.284668396036388
              ],
              [
                110.2561954434113,
                19.94445679235113
              ],
              [
                111.24214696966541,
                19.396424819352937
              ],
              [
                112.06552370883375,
                18.668053088550174
              ],
              [
                112.35414942760345,
                18.261709257766633
              ],
              [
                112.99275104892192,
                17.92732592987212
              ],
              [
                113.75279111584655,
                17.293959207434934
              ],
              [
                114.3246505659316,
                16.535534956470233
              ],
              [
                114.67965397847276,
                15.690083735825258
              ],
              [
                114.8,
                14.8
              ],
              [
                114.67965397847276,
                13.909916264174742
              ],
              [
                114.32465056593162,
                13.06446504352977
              ],
              [
                113.75279111584655,
                12.306040792565065
              ],
              [
                112.99275104892192,
                11.672674070127881
              ],
              [
                112.08264194776427,
                11.196124528390325
              ],
              [
                111.0681004829903,
                10.900288351272705
              ],
              [
                110.28623245779917,
                10.826875543762558
              ],
              [
                109.8164540807826,
                10.233155069962837
              ],
              [
                108.73973065263938,
                9.378109994672638
              ]
            ]
          ]
        ]
      }
    },
    {
      "type": "Feature",
      "properties": {
        "id": "christian",
        "style": "fill",
        "year": 1600
      },
      "geometry": {
        "type": "MultiPolygon",
        "coordinates": [
          [
            [
              [
                -57.39669756529465,
                -37.85629764136573
              ],
              [
                -58.66487439626212,
                -38.337031429181856
              ],
              [
                -60.0,
                -38.5
              ],
              [
                -61.335125603737886,
                -38.337031429181856
              ],
              [
                -62.60330243470535,
                -37.85629764136572
              ],
              [
                -63.740938811152404,
                -37.081904636042196
              ],
              [
                -64.69098889480817,
                -36.05268371208177
              ],
              [
                -65.40581320741451,
                -34.82024430426413
              ],
              [
                -65.84956747309094,
                -33.44638607071604
              ],
              [
                -66.0,
                -32.0
              ],
              [
                -65.84956747309094,
                -30.55361392928396
              ],
              [
                -65.40581320741451,
                -29.17975569573587
              ],
              [
                -64.69098889480817,
                -27.94731628791823
              ],
              [
                -63.740938811152404,
                -26.918095363957804
              ],
              [
                -62.60330243470535,
                -26.143702358634275
              ],
              [
                -61.335125603737886,
                -25.662968570818148
              ],
              [
                -60.0,
                -25.5
              ],
              [
                -58.664874396262114,
                -25.662968570818148
              ],
              [
                -57.39669756529465,
                -26.143702358634275
              ],
              [
                -56.259061188847596,
                -26.918095363957807
              ],
              [
                -55.30901110519182,
                -27.947316287918234
              ],
              [
                -54.59418679258548,
                -29.17975569573587
              ],
              [
                -54.15043252690906,
                -30.553613929283955
              ],
              [
                -54.0,
                -32.0
              ],
              [
                -54.15043252690906,
                -33.446386070716045
              ],
              [
                -54.59418679258548,
                -34.82024430426412
              ],
              [
                -55.30901110519182,
                -36.052683712081766
              ],
              [
                -56.259061188847596,
                -37.081904636042196
              ],
              [
                -57.39669756529465,
                -37.85629764136573
              ]
            ]
          ],
          [
            [
              [
                14.614874469529163,
                -16.544456792351127
              ],
              [
                14.023058615077678,
                -16.88466839603639
              ],
              [
                13.4,
                -17.0
              ],
              [
                12.776941384922319,
                -16.88466839603639
              ],
              [
                12.185125530470838,
                -16.544456792351127
              ],
              [
                11.654228554795546,
                -15.996424819352937
              ],
              [
                11.210871849089518,
                -15.268053088550175
              ],
              [
                10.877287169873227,
                -14.395865199940767
              ],
              [
                10.670201845890894,
                -13.423596296199044
              ],
              [
                10.600000000000001,
                -12.4
              ],
              [
                10.670201845890894,
                -11.376403703800955
              ],
              [
                10.877287169873227,
                -10.404134800059232
              ],
              [
                11.210871849089518,
                -9.531946911449825
              ],
              [
                11.654228554795546,
                -8.803575180647062
              ],
              [
                12.185125530470838,
                -8.255543207648874
              ],
              [
                12.77694138492232,
                -7.915331603963612
              ],
              [
                13.4,
                -7.800000000000001
              ],
              [
                14.02305861507768,
                -7.915331603963612
              ],
              [
                14.614874469529163,
                -8.255543207648874
              ],
              [
                15.145771445204455,
                -8.803575180647064
              ],
              [
                15.589128150910483,
                -9.531946911449827
              ],
              [
                15.922712830126773,
                -10.404134800059232
              ],
              [
                16.129798154109107,
                -11.376403703800953
              ],
              [
                16.2,
                -12.4
              ],
              [
                16.129798154109107,
                -13.423596296199047
              ],
              [
                15.922712830126775,
                -14.395865199940765
              ],
              [
                15.589128150910483,
                -15.268053088550175
              ],
              [
                15.145771445204453,
                -15.996424819352939
              ],
              [
                14.614874469529163,
                -16.544456792351127
              ]
            ]
          ],
          [
            [
              [
                -44.3781044783832,
                -23.26211084878024
              ],
              [
                -46.38605112741502,
                -24.1865989022728
              ],
              [
                -48.5,
                -24.5
              ],
              [
                -50.61394887258499,
                -24.186598902272795
              ],
              [
                -52.62189552161681,
                -23.26211084878024
              ],
              [
                -54.42315311765797,
                -21.77289353085037
              ],
              [
                -55.92739908344628,
                -19.793622523234173
              ],
              [
                -57.05920424507298,
                -17.423546738969474
              ],
              [
                -57.76181516572733,
                -14.781511674453924
              ],
              [
                -58.0,
                -11.999999999999998
              ],
              [
                -57.76181516572733,
                -9.218488325546074
              ],
              [
                -57.059204245072976,
                -6.576453261030522
              ],
              [
                -55.92739908344628,
                -4.206377476765826
              ],
              [
                -54.42315311765797,
                -2.2271064691496267
              ],
              [
                -52.6218955216168,
                -0.7378891512197612
              ],
              [
                -50.613948872584984,
                0.1865989022727952
              ],
              [
                -48.5,
                0.5
              ],
              [
                -46.386051127415016,
                0.1865989022727952
              ],
              [
                -44.3781044783832,
                -0.7378891512197612
              ],
              [
                -42.57684688234203,
                -2.2271064691496267
              ],
              [
                -41.07260091655372,
                -4.206377476765831
              ],
              [
                -39.94079575492702,
                -6.576453261030523
              ],
              [
                -39.23818483427267,
                -9.218488325546069
              ],
              [
                -39.0,
                -12.0
              ],
              [
                -39.23818483427267,
                -14.781511674453933
              ],
              [
                -39.94079575492702,
                -17.42354673896947
              ],
              [
                -41.07260091655372,
                -19.79362252323417
              ],
              [
                -42.57684688234203,
                -21.772893530850375
              ],
              [
                -44.3781044783832,
                -23.26211084878024
              ]
            ]
          ],
          [
            [
              [
                -71.72314406964763,
                -21.01162641482903
              ],
              [
                -73.07586602267959,
                -21.899134946181885
              ],
              [
                -74.5,
                -22.2
              ],
              [
                -75.92413397732041,
                -21.89913494618188
              ],
              [
                -77.27685593035237,
                -21.011626414829028
              ],
              [
                -78.4903347318959,
                -19.581977789616356
              ],
              [
                -79.50372148779539,
                -17.681877622304803
              ],
              [
                -80.26620075457548,
                -15.406604869410696
              ],
              [
                -80.73953863796368,
                -12.870251207475764
              ],
              [
                -80.9,
                -10.199999999999998
              ],
              [
                -80.73953863796368,
                -7.529748792524231
              ],
              [
                -80.26620075457548,
                -4.993395130589301
              ],
              [
                -79.50372148779539,
                -2.7181223776951917
              ],
              [
                -78.4903347318959,
                -0.8180222103836403
              ],
              [
                -77.27685593035237,
                0.6116264148290309
              ],
              [
                -75.92413397732041,
                1.4991349461818846
              ],
              [
                -74.5,
                1.8000000000000007
              ],
              [
                -73.07586602267959,
                1.4991349461818846
              ],
              [
                -71.72314406964763,
                0.6116264148290309
              ],
              [
                -70.5096652681041,
                -0.8180222103836421
              ],
              [
                -69.49627851220461,
                -2.718122377695197
              ],
              [
                -68.73379924542452,
                -4.993395130589302
              ],
              [
                -68.26046136203632,
                -7.529748792524226
              ],
              [
                -68.1,
                -10.2
              ],
              [
                -68.26046136203632,
                -12.870251207475775
              ],
              [
                -68.73379924542452,
                -15.406604869410689
              ],
              [
                -69.49627851220461,
                -17.681877622304803
              ],
              [
                -70.5096652681041,
                -19.58197778961636
              ],
              [
                -71.72314406964763,
                -21.01162641482903
              ]
            ]
          ],
          [
            [
              [
                -75.8305813044122,
                4.635736981229355
              ],
              [
                -76.88739533021844,
                4.310317186399974
              ],
              [
                -78.0,
                4.199999999999999
              ],
              [
                -79.11260466978158,
                4.310317186399975
              ],
              [
                -80.1694186955878,
                4.635736981229355
              ],
              [
                -81.11744900929367,
                5.159941477140668
              ],
              [
                -81.90915741234015,
                5.856644871821571
              ],
              [
                -82.50484433951209,
                6.690911547882744
              ],
              [
                -82.87463956090912,
                7.6209078905922185
              ],
              [
                -83.0,
                8.6
              ],
              [
                -82.87463956090912,
                9.579092109407782
              ],
              [
                -82.50484433951209,
                10.509088452117256
              ],
              [
                -81.90915741234015,
                11.343355128178429
              ],
              [
                -81.11744900929367,
                12.040058522859331
              ],
              [
                -80.1694186955878,
                12.564263018770644
              ],
              [
                -79.11260466978158,
                12.889682813600025
              ],
              [
                -78.0,
                13.0
              ],
              [
                -76.88739533021842,
                12.889682813600025
              ],
              [
                -75.8305813044122,
                12.564263018770644
              ],
              [
                -74.88255099070633,
                12.040058522859331
              ],
              [
                -74.09084258765985,
                11.343355128178427
              ],
              [
                -73.49515566048791,
                10.509088452117256
              ],
              [
                -73.12536043909088,
                9.579092109407783
              ],
              [
                -73.0,
                8.6
              ],
              [
                -73.12536043909088,
                7.620907890592215
              ],
              [
                -73.49515566048791,
                6.690911547882747
              ],
              [
                -74.09084258765985,
                5.856644871821571
              ],
              [
                -74.88255099070633,
                5.159941477140668
              ],
              [
                -75.8305813044122,
                4.635736981229355
              ]
            ]
          ],
          [
            [
              [
                -69.30992081747114,
                15.897093396292743
              ],
              [
                -70.62037020947086,
                15.67521626345453
              ],
              [
                -72.0,
                15.600000000000001
              ],
              [
                -73.37962979052915,
                15.67521626345453
              ],
              [
                -74.69007918252886,
                15.897093396292744
              ],
              [
                -75.86563677152415,
                16.254505552595912
              ],
              [
                -76.84735519130179,
                16.7295305944238
              ],
              [
                -77.586006980995,
                17.298348782647327
              ],
              [
                -78.0445530555273,
                17.93243719813106
              ],
              [
                -78.2,
                18.6
              ],
              [
                -78.0445530555273,
                19.267562801868944
              ],
              [
                -77.586006980995,
                19.901651217352676
              ],
              [
                -76.84735519130179,
                20.470469405576203
              ],
              [
                -75.86563677152415,
                20.94549444740409
              ],
              [
                -74.69007918252886,
                21.30290660370726
              ],
              [
                -73.37962979052915,
                21.524783736545473
              ],
              [
                -72.0,
                21.6
              ],
              [
                -70.62037020947085,
                21.524783736545473
              ],
              [
                -69.30992081747114,
                21.30290660370726
              ],
              [
                -68.13436322847585,
                20.94549444740409
              ],
              [
                -67.15264480869821,
                20.470469405576203
              ],
              [
                -66.413993019005,
                19.901651217352676
              ],
              [
                -65.9554469444727,
                19.267562801868944
              ],
              [
                -65.8,
                18.6
              ],
              [
                -65.9554469444727,
                17.93243719813106
              ],
              [
                -66.413993019005,
                17.29834878264733
              ],
              [
                -67.15264480869821,
                16.7295305944238
              ],
              [
                -68.13436322847585,
                16.254505552595912
              ],
              [
                -69.30992081747114,
                15.897093396292743
              ]
            ]
          ],
          [
            [
              [
                -95.35537659141251,
                14.813993019005
              ],
              [
                -97.13082415476697,
                14.35544694447269
              ],
              [
                -99.0,
                14.2
              ],
              [
                -100.86917584523304,
                14.355446944472693
              ],
              [
                -102.64462340858749,
                14.813993019005
              ],
              [
                -104.23731433561336,
                15.552644808698215
              ],
              [
                -105.56738445273145,
                16.534363228475847
              ],
              [
                -106.56813849038032,
                17.70992081747114
              ],
              [
                -107.18939446232731,
                19.02037020947085
              ],
              [
                -107.4,
                20.4
              ],
              [
                -107.18939446232731,
                21.779629790529146
              ],
              [
                -106.56813849038032,
                23.09007918252886
              ],
              [
                -105.56738445273145,
                24.26563677152415
              ],
              [
                -104.23731433561336,
                25.247355191301786
              ],
              [
                -102.64462340858749,
                25.986006980994997
              ],
              [
                -100.86917584523304,
                26.444553055527305
              ],
              [
                -99.0,
                26.599999999999998
              ],
              [
                -97.13082415476696,
                26.444553055527305
              ],
              [
                -95.35537659141251,
                25.986006980994997
              ],
              [
                -93.76268566438664,
                25.247355191301782
              ],
              [
                -92.43261554726855,
                24.265636771524147
              ],
              [
                -91.43186150961968,
                23.09007918252886
              ],
              [
                -90.81060553767269,
                21.77962979052915
              ],
              [
                -90.6,
                20.4
              ],
              [
                -90.81060553767269,
                19.020370209470848
              ],
              [
                -91.43186150961968,
                17.709920817471144
              ],
              [
                -92.43261554726855,
                16.53436322847585
              ],
              [
                -93.76268566438664,
                15.552644808698213
              ],
              [
                -95.35537659141251,
                14.813993019005
              ]
            ]
          ],
          [
            [
              [
                -1.3363673218241177,
                35.53476811332693
              ],
              [
                -2.7313618358883325,
                35.13538927421815
              ],
              [
                -4.200000000000001,
                35.0
              ],
              [
                -5.668638164111677,
                35.13538927421815
              ],
              [
                -7.063632678175885,
                35.53476811332693
              ],
              [
                -8.315032692267643,
                36.17810999467264
              ],
              [
                -9.360087784288996,
                37.03315506996284
              ],
              [
                -10.146394528155966,
                38.057027808765184
              ],
              [
                -10.634524220400037,
                39.1983869566359
              ],
              [
                -10.8,
                40.4
              ],
              [
                -10.634524220400037,
                41.6016130433641
              ],
              [
                -10.146394528155966,
                42.74297219123481
              ],
              [
                -9.360087784288995,
                43.76684493003716
              ],
              [
                -8.315032692267641,
                44.62189000532736
              ],
              [
                -7.063632678175884,
                45.265231886673064
              ],
              [
                -5.668638164111675,
                45.66461072578185
              ],
              [
                -4.897703910957704,
                45.73568080386848
              ],
              [
                -4.999999999999999,
                46.4
              ],
              [
                -4.90659217433609,
                47.0065980844271
              ],
              [
                -5.0,
                47.6
              ],
              [
                -4.7618151657273255,
                49.11314235090294
              ],
              [
                -4.702701519930041,
                49.23406574434269
              ],
              [
                -5.265523708833754,
                49.731946911449825
              ],
              [
                -5.8850381130925795,
                50.604134800059235
              ],
              [
                -6.2696251433454835,
                51.576403703800956
              ],
              [
                -6.4,
                52.6
              ],
              [
                -6.2696251433454835,
                53.62359629619905
              ],
              [
                -5.8850381130925795,
                54.59586519994077
              ],
              [
                -5.265523708833753,
                55.46805308855018
              ],
              [
                -4.442146969665414,
                56.19642481935294
              ],
              [
                -3.4561954434113016,
                56.74445679235113
              ],
              [
                -2.3571088565728346,
                57.08466839603639
              ],
              [
                -1.1999999999999997,
                57.2
              ],
              [
                -0.042891143427164824,
                57.08466839603639
              ],
              [
                1.0561954434113028,
                56.74445679235113
              ],
              [
                2.0421469696654144,
                56.19642481935294
              ],
              [
                2.865523708833755,
                55.46805308855018
              ],
              [
                3.485038113092579,
                54.59586519994077
              ],
              [
                3.591496574830356,
                54.326729103958144
              ],
              [
                4.500000000000001,
                54.4
              ],
              [
                6.613948872584987,
                54.229509802836404
              ],
              [
                7.651037232133254,
                53.969754876175976
              ],
              [
                8.0,
                54.0
              ],
              [
                9.446386070716043,
                53.87463956090912
              ],
              [
                10.82024430426413,
                53.5048443395121
              ],
              [
                12.05268371208177,
                52.90915741234015
              ],
              [
                13.081904636042193,
                52.117449009293665
              ],
              [
                13.856297641365725,
                51.169418695587794
              ],
              [
                14.337031429181852,
                50.112604669781575
              ],
              [
                14.483974306590598,
                49.10940920224235
              ],
              [
                14.534768113326935,
                49.222311704293745
              ],
              [
                15.178109994672639,
                50.01865716780668
              ],
              [
                15.262275995141103,
                50.08411961261549
              ],
              [
                15.114961886907421,
                50.26446504352977
              ],
              [
                14.730374856654517,
                51.10991626417474
              ],
              [
                14.600000000000001,
                52.0
              ],
              [
                14.730374856654517,
                52.89008373582526
              ],
              [
                15.114961886907421,
                53.73553495647023
              ],
              [
                15.734476291166247,
                54.49395920743493
              ],
              [
                16.557853030334588,
                55.12732592987212
              ],
              [
                17.5438045565887,
                55.603875471609676
              ],
              [
                18.642891143427168,
                55.8997116487273
              ],
              [
                19.41025482176928,
                55.966220203812966
              ],
              [
                19.621743698179035,
                56.21865716780668
              ],
              [
                20.226799078098374,
                56.67244870274619
              ],
              [
                20.734476291166246,
                57.29395920743493
              ],
              [
                21.557853030334588,
                57.92732592987212
              ],
              [
                21.55799127359008,
                57.92739274832952
              ],
              [
                21.109011105191822,
                58.25664487182157
              ],
              [
                20.786915791673422,
                58.632560158759865
              ],
              [
                20.299663315799233,
                58.33447629116624
              ],
              [
                18.68801178249924,
                57.71496188690742
              ],
              [
                16.891427938628663,
                57.330374856654515
              ],
              [
                14.999999999999998,
                57.199999999999996
              ],
              [
                14.839391987528323,
                57.21107060236127
              ],
              [
                14.803875471609677,
                57.1247952870003
              ],
              [
                14.327325929872117,
                56.480134673680304
              ],
              [
                13.693959207434933,
                55.9417729596087
              ],
              [
                12.935534956470232,
                55.53670584913178
              ],
              [
                12.090083735825253,
                55.2852450985818
              ],
              [
                11.2,
                55.2
              ],
              [
                10.30991626417474,
                55.285245098581804
              ],
              [
                9.464465043529767,
                55.53670584913178
              ],
              [
                8.706040792565064,
                55.9417729596087
              ],
              [
                8.072674070127881,
                56.480134673680304
              ],
              [
                7.596124528390323,
                57.1247952870003
              ],
              [
                7.300288351272704,
                57.84342882454853
              ],
              [
                7.199999999999999,
                58.6
              ],
              [
                7.300288351272704,
                59.35657117545147
              ],
              [
                7.543505901431,
                59.947385626094466
              ],
              [
                7.341764622829437,
                60.1438045565887
              ],
              [
                6.713112746454499,
                61.242891143427165
              ],
              [
                6.5,
                62.4
              ],
              [
                6.713112746454499,
                63.55710885657283
              ],
              [
                7.341764622829438,
                64.6561954434113
              ],
              [
                8.35443239902175,
                65.64214696966542
              ],
              [
                9.700336684200765,
                66.46552370883376
              ],
              [
                11.311988217500756,
                67.08503811309258
              ],
              [
                13.108572061371328,
                67.46962514334548
              ],
              [
                15.0,
                67.6
              ],
              [
                16.891427938628674,
                67.46962514334548
              ],
              [
                18.688011782499245,
                67.08503811309258
              ],
              [
                20.299663315799236,
                66.46552370883376
              ],
              [
                21.645567600978254,
                65.64214696966542
              ],
              [
                22.616438942132124,
                64.69688920289191
              ],
              [
                23.196697565294652,
                64.96426301877065
              ],
              [
                24.464874396262115,
                65.28968281360002
              ],
              [
                25.8,
                65.4
              ],
              [
                27.135125603737887,
                65.28968281360002
              ],
              [
                28.40330243470535,
                64.96426301877065
              ],
              [
                29.5409388111524,
                64.44005852285933
              ],
              [
                30.49098889480818,
                63.74335512817843
              ],
              [
                31.205813207414515,
                62.90908845211725
              ],
              [
                31.649567473090944,
                61.97909210940778
              ],
              [
                31.8,
                61.0
              ],
              [
                31.74082838490161,
                60.61488075329101
              ],
              [
                32.528930087059535,
                60.95532877346331
              ],
              [
                34.219832528349485,
                61.36210351700003
              ],
              [
                36.0,
                61.5
              ],
              [
                37.780167471650515,
                61.36210351700003
              ],
              [
                39.471069912940465,
                60.95532877346331
              ],
              [
                40.98791841486987,
                60.30007315357416
              ],
              [
                42.254651859744236,
                59.429193910223034
              ],
              [
                43.20775094321935,
                58.38636056514657
              ],
              [
                43.79942329745459,
                57.22386513675973
              ],
              [
                44.0,
                56.0
              ],
              [
                43.79942329745459,
                54.77613486324027
              ],
              [
                43.20775094321935,
                53.61363943485343
              ],
              [
                42.254651859744236,
                52.570806089776966
              ],
              [
                40.98791841486987,
                51.69992684642584
              ],
              [
                39.854553490282825,
                51.21033033413323
              ],
              [
                39.84956747309094,
                51.17640370380096
              ],
              [
                39.40581320741452,
                50.20413480005924
              ],
              [
                38.69098889480818,
                49.331946911449826
              ],
              [
                37.740938811152404,
                48.60357518064706
              ],
              [
                36.60330243470535,
                48.055543207648874
              ],
              [
                36.425513065917784,
                48.00784796137374
              ],
              [
                36.13462259831457,
                47.65664487182157
              ],
              [
                35.4915526344643,
                47.16879869234894
              ],
              [
                37.4171123250929,
                46.38011704571866
              ],
              [
                39.554725013318404,
                44.98671025635686
              ],
              [
                41.16307971668266,
                43.31817690423451
              ],
              [
                42.16152681445462,
                41.45818421881557
              ],
              [
                42.5,
                39.5
              ],
              [
                42.16152681445462,
                37.54181578118443
              ],
              [
                41.16307971668266,
                35.681823095765495
              ],
              [
                39.554725013318404,
                34.01328974364314
              ],
              [
                37.4171123250929,
                32.61988295428134
              ],
              [
                34.85743047808703,
                31.57147396245871
              ],
              [
                32.00403260841023,
                30.92063437279995
              ],
              [
                28.999999999999996,
                30.7
              ],
              [
                25.99596739158975,
                30.920634372799952
              ],
              [
                23.142569521912964,
                31.57147396245871
              ],
              [
                20.582887674907095,
                32.61988295428134
              ],
              [
                18.4452749866816,
                34.01328974364314
              ],
              [
                16.83692028331734,
                35.68182309576549
              ],
              [
                16.429177291205296,
                36.441401629822636
              ],
              [
                16.057846660763975,
                36.25360547184404
              ],
              [
                14.324671658441769,
                35.76547577959997
              ],
              [
                12.499999999999998,
                35.6
              ],
              [
                10.67532834155822,
                35.76547577959997
              ],
              [
                8.942153339236022,
                36.25360547184404
              ],
              [
                7.387383624758384,
                37.039912215711006
              ],
              [
                6.088981843762158,
                38.08496730773236
              ],
              [
                5.112055283200164,
                39.33636732182412
              ],
              [
                4.599488213769099,
                40.51537886687872
              ],
              [
                3.199999999999999,
                40.4
              ],
              [
                2.3908129570612515,
                40.466712304675845
              ],
              [
                2.3999999999999995,
                40.4
              ],
              [
                2.2345242204000346,
                39.1983869566359
              ],
              [
                1.7463945281559674,
                38.057027808765184
              ],
              [
                0.9600877842889952,
                37.03315506996284
              ],
              [
                -0.08496730773236028,
                36.17810999467264
              ],
              [
                -1.3363673218241177,
                35.53476811332693
              ]
            ],
            [
              [
                26.508332351161656,
                48.11699681708239
              ],
              [
                26.674004054208428,
                48.129164751674736
              ],
              [
                26.37438056616597,
                48.490911547882746
              ],
              [
                25.945418109345425,
                49.42090789059222
              ],
              [
                25.90711900291506,
                49.67877366172714
              ],
              [
                25.246117230155356,
                49.505302768836344
              ],
              [
                24.113906956674835,
                49.40962567376272
              ],
              [
                24.265231886673064,
                49.222311704293745
              ],
              [
                24.418289564020437,
                48.88210104002134
              ],
              [
                25.471069912940465,
                48.60581320741452
              ],
              [
                26.508332351161656,
                48.11699681708239
              ]
            ]
          ],
          [
            [
              [
                36.32809772170565,
                -22.68503811309258
              ],
              [
                35.77855442828642,
                -23.069625143345483
              ],
              [
                35.2,
                -23.2
              ],
              [
                34.621445571713586,
                -23.069625143345483
              ],
              [
                34.07190227829435,
                -22.68503811309258
              ],
              [
                33.578926515167296,
                -22.065523708833755
              ],
              [
                33.16723814558313,
                -21.242146969665416
              ],
              [
                32.857480943453716,
                -20.2561954434113
              ],
              [
                32.66518742832726,
                -19.157108856572833
              ],
              [
                32.6,
                -18.0
              ],
              [
                32.66518742832726,
                -16.842891143427167
              ],
              [
                32.857480943453716,
                -15.743804556588698
              ],
              [
                33.16723814558313,
                -14.757853030334584
              ],
              [
                33.578926515167296,
                -13.934476291166245
              ],
              [
                34.07190227829435,
                -13.31496188690742
              ],
              [
                34.621445571713586,
                -12.930374856654517
              ],
              [
                35.2,
                -12.8
              ],
              [
                35.77855442828642,
                -12.930374856654517
              ],
              [
                36.32809772170565,
                -13.31496188690742
              ],
              [
                36.82107348483271,
                -13.934476291166245
              ],
              [
                37.23276185441688,
                -14.757853030334585
              ],
              [
                37.54251905654629,
                -15.743804556588698
              ],
              [
                37.73481257167275,
                -16.842891143427167
              ],
              [
                37.800000000000004,
                -18.0
              ],
              [
                37.73481257167274,
                -19.157108856572837
              ],
              [
                37.5425190565463,
                -20.2561954434113
              ],
              [
                37.23276185441688,
                -21.242146969665416
              ],
              [
                36.82107348483271,
                -22.065523708833755
              ],
              [
                36.32809772170565,
                -22.68503811309258
              ]
            ]
          ],
          [
            [
              [
                17.848758208646718,
                -8.043487924448709
              ],
              [
                17.04557954903399,
                -8.309740483854565
              ],
              [
                16.2,
                -8.4
              ],
              [
                15.354420450966003,
                -8.309740483854565
              ],
              [
                14.551241791353277,
                -8.043487924448709
              ],
              [
                13.830738752936812,
                -7.614593336884907
              ],
              [
                13.229040366621486,
                -7.044563286691442
              ],
              [
                12.776318301970807,
                -6.361981460823209
              ],
              [
                12.495273933709068,
                -5.60107536224273
              ],
              [
                12.399999999999999,
                -4.8
              ],
              [
                12.495273933709068,
                -3.998924637757269
              ],
              [
                12.776318301970807,
                -3.23801853917679
              ],
              [
                13.229040366621486,
                -2.555436713308558
              ],
              [
                13.830738752936812,
                -1.985406663115092
              ],
              [
                14.551241791353279,
                -1.5565120755512907
              ],
              [
                15.354420450966005,
                -1.2902595161454347
              ],
              [
                16.2,
                -1.1999999999999997
              ],
              [
                17.045579549033995,
                -1.2902595161454347
              ],
              [
                17.84875820864672,
                -1.5565120755512907
              ],
              [
                18.56926124706319,
                -1.9854066631150924
              ],
              [
                19.170959633378512,
                -2.555436713308559
              ],
              [
                19.62368169802919,
                -3.2380185391767906
              ],
              [
                19.90472606629093,
                -3.998924637757268
              ],
              [
                20.0,
                -4.8
              ],
              [
                19.904726066290927,
                -5.6010753622427325
              ],
              [
                19.62368169802919,
                -6.361981460823207
              ],
              [
                19.170959633378512,
                -7.044563286691441
              ],
              [
                18.569261247063185,
                -7.614593336884908
              ],
              [
                17.848758208646718,
                -8.043487924448709
              ]
            ]
          ],
          [
            [
              [
                40.2561954434113,
                6.613993019005
              ],
              [
                39.157108856572826,
                6.155446944472692
              ],
              [
                38.0,
                5.999999999999999
              ],
              [
                36.84289114342717,
                6.1554469444726925
              ],
              [
                35.7438045565887,
                6.613993019005001
              ],
              [
                34.75785303033459,
                7.352644808698215
              ],
              [
                33.93447629116625,
                8.33436322847585
              ],
              [
                33.31496188690742,
                9.509920817471139
              ],
              [
                32.93037485665452,
                10.820370209470854
              ],
              [
                32.8,
                12.2
              ],
              [
                32.864562129213894,
                12.883197965383118
              ],
              [
                32.2,
                12.8
              ],
              [
                31.398924637757272,
                12.900288351272707
              ],
              [
                30.638018539176795,
                13.196124528390325
              ],
              [
                29.95543671330856,
                13.672674070127883
              ],
              [
                29.385406663115095,
                14.306040792565065
              ],
              [
                28.956512075551295,
                15.064465043529768
              ],
              [
                28.69025951614544,
                15.909916264174745
              ],
              [
                28.6,
                16.8
              ],
              [
                28.69025951614544,
                17.690083735825258
              ],
              [
                28.956512075551295,
                18.535534956470233
              ],
              [
                29.3854066631151,
                19.293959207434938
              ],
              [
                29.95543671330856,
                19.92732592987212
              ],
              [
                30.638018539176795,
                20.403875471609677
              ],
              [
                31.398924637757272,
                20.699711648727295
              ],
              [
                32.2,
                20.8
              ],
              [
                33.00107536224274,
                20.699711648727295
              ],
              [
                33.761981460823215,
                20.403875471609677
              ],
              [
                34.44456328669144,
                19.92732592987212
              ],
              [
                35.01459333688491,
                19.293959207434934
              ],
              [
                35.44348792444871,
                18.535534956470233
              ],
              [
                35.691801294607,
                17.747047355181945
              ],
              [
                35.7438045565887,
                17.786006980994998
              ],
              [
                36.84289114342717,
                18.244553055527305
              ],
              [
                38.0,
                18.4
              ],
              [
                39.15710885657283,
                18.244553055527305
              ],
              [
                40.2561954434113,
                17.786006980994998
              ],
              [
                41.24214696966541,
                17.047355191301783
              ],
              [
                42.06552370883375,
                16.065636771524147
              ],
              [
                42.68503811309258,
                14.89007918252886
              ],
              [
                43.06962514334548,
                13.579629790529149
              ],
              [
                43.2,
                12.2
              ],
              [
                43.06962514334548,
                10.820370209470848
              ],
              [
                42.68503811309258,
                9.509920817471142
              ],
              [
                42.06552370883375,
                8.334363228475851
              ],
              [
                42.02426804044487,
                8.285173777704493
              ],
              [
                41.99642481935294,
                8.233155069962837
              ],
              [
                41.268053088550175,
                7.378109994672638
              ],
              [
                41.25612652776101,
                7.369312743350656
              ],
              [
                41.24214696966541,
                7.352644808698214
              ],
              [
                40.2561954434113,
                6.613993019005
              ]
            ]
          ]
        ]
      }
    },
    {
      "type": "Feature",
      "properties": {
        "id": "islam",
        "style": "fill",
        "year": 1600
      },
      "geometry": {
        "type": "MultiPolygon",
        "coordinates": [
          [
            [
              [
                45.59516736594795,
                -5.865377401685428
              ],
              [
                46.101860743897696,
                -6.783759149219346
              ],
              [
                46.48310037728774,
                -7.883474313118164
              ],
              [
                46.71976931898184,
                -9.109378583053378
              ],
              [
                46.800000000000004,
                -10.4
              ],
              [
                46.71976931898184,
                -11.690621416946625
              ],
              [
                46.48310037728774,
                -12.916525686881833
              ],
              [
                46.101860743897696,
                -14.016240850780656
              ],
              [
                45.59516736594795,
                -14.934622598314574
              ],
              [
                44.988427965176186,
                -15.625619433834032
              ],
              [
                44.312066988660206,
                -16.05458189065458
              ],
              [
                43.6,
                -16.2
              ],
              [
                42.8879330113398,
                -16.05458189065458
              ],
              [
                42.21157203482382,
                -15.62561943383403
              ],
              [
                41.60483263405205,
                -14.934622598314572
              ],
              [
                41.09813925610231,
                -14.016240850780656
              ],
              [
                40.71689962271226,
                -12.916525686881837
              ],
              [
                40.69219757648519,
                -12.788573350892422
              ],
              [
                40.64557954903399,
                -12.819480967709133
              ],
              [
                39.8,
                -13.0
              ],
              [
                38.954420450966005,
                -12.81948096770913
              ],
              [
                38.15124179135328,
                -12.286975848897416
              ],
              [
                37.43073875293681,
                -11.429186673769813
              ],
              [
                36.829040366621484,
                -10.289126573382884
              ],
              [
                36.376318301970805,
                -8.923962921646417
              ],
              [
                36.095273933709066,
                -7.402150724485459
              ],
              [
                36.0,
                -5.799999999999999
              ],
              [
                36.095273933709066,
                -4.197849275514539
              ],
              [
                36.376318301970805,
                -2.6760370783535805
              ],
              [
                36.829040366621484,
                -1.3108734266171158
              ],
              [
                37.43073875293681,
                -0.17081332623018408
              ],
              [
                38.15124179135328,
                0.6869758488974185
              ],
              [
                38.954420450966005,
                1.2194809677091305
              ],
              [
                39.8,
                1.4000000000000004
              ],
              [
                40.64557954903399,
                1.2194809677091305
              ],
              [
                41.448758208646716,
                0.6869758488974185
              ],
              [
                42.16926124706318,
                -0.17081332623018497
              ],
              [
                42.77095963337851,
                -1.3108734266171185
              ],
              [
                43.22368169802919,
                -2.6760370783535814
              ],
              [
                43.50472606629093,
                -4.197849275514536
              ],
              [
                43.529496676783815,
                -4.6143981677678365
              ],
              [
                43.6,
                -4.6000000000000005
              ],
              [
                44.312066988660206,
                -4.745418109345423
              ],
              [
                44.988427965176186,
                -5.174380566165969
              ],
              [
                45.59516736594795,
                -5.865377401685428
              ]
            ]
          ],
          [
            [
              [
                20.33883739117558,
                11.976318301970807
              ],
              [
                18.225209339563133,
                11.69527393370907
              ],
              [
                15.999999999999998,
                11.600000000000001
              ],
              [
                13.774790660436853,
                11.695273933709071
              ],
              [
                11.661162608824418,
                11.976318301970808
              ],
              [
                9.765101981412663,
                12.429040366621487
              ],
              [
                9.208683150041793,
                12.64047952254242
              ],
              [
                8.272721130293139,
                12.415930754809839
              ],
              [
                5.947730273519447,
                12.105302768836339
              ],
              [
                3.499999999999998,
                12.0
              ],
              [
                1.0522697264805396,
                12.105302768836339
              ],
              [
                -1.2727211302931414,
                12.415930754809839
              ],
              [
                -3.3583878204460706,
                12.916307773634275
              ],
              [
                -4.832918781332365,
                13.479310504154498
              ],
              [
                -6.108572061371337,
                13.290259516145435
              ],
              [
                -8.000000000000002,
                13.200000000000001
              ],
              [
                -9.891427938628674,
                13.290259516145436
              ],
              [
                -11.688011782499245,
                13.556512075551293
              ],
              [
                -13.299663315799236,
                13.985406663115093
              ],
              [
                -14.645567600978252,
                14.55543671330856
              ],
              [
                -15.658235377170563,
                15.238018539176792
              ],
              [
                -16.2868872535455,
                15.998924637757272
              ],
              [
                -16.5,
                16.8
              ],
              [
                -16.2868872535455,
                17.60107536224273
              ],
              [
                -15.658235377170563,
                18.36198146082321
              ],
              [
                -14.64556760097825,
                19.044563286691442
              ],
              [
                -13.299663315799235,
                19.61459333688491
              ],
              [
                -11.688011782499244,
                20.04348792444871
              ],
              [
                -9.891427938628672,
                20.309740483854565
              ],
              [
                -7.999999999999999,
                20.400000000000002
              ],
              [
                -6.108572061371327,
                20.309740483854565
              ],
              [
                -4.311988217500756,
                20.04348792444871
              ],
              [
                -2.75364033192144,
                19.62877856584566
              ],
              [
                -1.2727211302931387,
                19.98406924519016
              ],
              [
                1.0522697264805423,
                20.29469723116366
              ],
              [
                3.500000000000001,
                20.4
              ],
              [
                5.9477302735194595,
                20.29469723116366
              ],
              [
                8.272721130293139,
                19.98406924519016
              ],
              [
                10.358387820446069,
                19.483692226365726
              ],
              [
                11.976997632638868,
                18.8656775708012
              ],
              [
                13.774790660436857,
                19.10472606629093
              ],
              [
                16.0,
                19.2
              ],
              [
                18.225209339563143,
                19.10472606629093
              ],
              [
                20.33883739117558,
                18.823681698029194
              ],
              [
                22.234898018587337,
                18.370959633378515
              ],
              [
                23.8183148246803,
                17.769261247063188
              ],
              [
                25.009688679024194,
                17.04875820864672
              ],
              [
                25.749279121818237,
                16.245579549033994
              ],
              [
                26.0,
                15.4
              ],
              [
                25.749279121818233,
                14.554420450966004
              ],
              [
                25.009688679024194,
                13.751241791353282
              ],
              [
                23.818314824680296,
                13.030738752936813
              ],
              [
                22.234898018587334,
                12.429040366621487
              ],
              [
                20.33883739117558,
                11.976318301970807
              ]
            ]
          ],
          [
            [
              [
                34.0371861738229,
                21.01302415110258
              ],
              [
                32.5576465376942,
                20.480519032290868
              ],
              [
                31.0,
                20.3
              ],
              [
                29.442353462305796,
                20.48051903229087
              ],
              [
                27.96281382617709,
                21.013024151102584
              ],
              [
                26.635571386988865,
                21.870813326230184
              ],
              [
                25.527179622723793,
                23.010873426617117
              ],
              [
                24.693217924683065,
                24.376037078353583
              ],
              [
                24.175504614727235,
                25.89784927551454
              ],
              [
                24.0,
                27.5
              ],
              [
                24.17255701533794,
                29.075242608682395
              ],
              [
                23.19007918252886,
                28.736705849131774
              ],
              [
                21.879629790529144,
                28.4852450985818
              ],
              [
                20.5,
                28.400000000000002
              ],
              [
                19.12037020947085,
                28.4852450985818
              ],
              [
                18.625686800288964,
                28.58016937579305
              ],
              [
                17.18801178249924,
                28.17631830197081
              ],
              [
                15.391427938628663,
                27.89527393370907
              ],
              [
                13.499999999999998,
                27.8
              ],
              [
                11.608572061371326,
                27.89527393370907
              ],
              [
                9.811988217500755,
                28.17631830197081
              ],
              [
                8.200336684200764,
                28.62904036662149
              ],
              [
                6.854432399021748,
                29.230738752936812
              ],
              [
                6.807231806892751,
                29.26432150420384
              ],
              [
                5.725209339563134,
                29.105302768836342
              ],
              [
                3.4999999999999982,
                29.000000000000004
              ],
              [
                1.274790660436854,
                29.105302768836342
              ],
              [
                -0.8388373911755824,
                29.415930754809843
              ],
              [
                -1.679333267893577,
                29.637740550892406
              ],
              [
                -3.66353019345871,
                29.320346021527246
              ],
              [
                -6.000000000000002,
                29.2
              ],
              [
                -8.336469806541302,
                29.320346021527246
              ],
              [
                -10.555779260734361,
                29.675349434068387
              ],
              [
                -12.546642919516703,
                30.24720888415346
              ],
              [
                -14.20923056591431,
                31.00724895107808
              ],
              [
                -15.4601731129754,
                31.91735805223572
              ],
              [
                -16.23674307790915,
                32.9318995170097
              ],
              [
                -16.5,
                34.0
              ],
              [
                -16.23674307790915,
                35.06810048299031
              ],
              [
                -15.4601731129754,
                36.08264194776428
              ],
              [
                -14.209230565914309,
                36.992751048921924
              ],
              [
                -12.546642919516701,
                37.75279111584654
              ],
              [
                -10.55577926073436,
                38.32465056593161
              ],
              [
                -8.3364698065413,
                38.67965397847276
              ],
              [
                -5.999999999999999,
                38.8
              ],
              [
                -3.663530193458698,
                38.67965397847276
              ],
              [
                -1.4442207392656394,
                38.32465056593161
              ],
              [
                0.5466429195167031,
                37.75279111584654
              ],
              [
                1.5230263633481722,
                37.30644439866644
              ],
              [
                3.5000000000000004,
                37.400000000000006
              ],
              [
                5.725209339563144,
                37.29469723116366
              ],
              [
                7.8388373911755815,
                36.98406924519016
              ],
              [
                9.734898018587335,
                36.483692226365726
              ],
              [
                11.318314824680298,
                35.818657167806684
              ],
              [
                12.053642505377281,
                35.327144901876515
              ],
              [
                13.5,
                35.4
              ],
              [
                15.391427938628674,
                35.30472606629093
              ],
              [
                17.188011782499245,
                35.02368169802919
              ],
              [
                17.787042023152175,
                34.855410702883425
              ],
              [
                17.80992081747114,
                34.86329415086823
              ],
              [
                19.120370209470853,
                35.1147549014182
              ],
              [
                20.5,
                35.2
              ],
              [
                21.87962979052915,
                35.1147549014182
              ],
              [
                23.190079182528862,
                34.86329415086823
              ],
              [
                24.365636771524148,
                34.4582270403913
              ],
              [
                25.347355191301784,
                33.919865326319695
              ],
              [
                26.086006980995,
                33.275204712999695
              ],
              [
                26.36002348343244,
                32.84576597296892
              ],
              [
                26.635571386988865,
                33.129186673769816
              ],
              [
                27.962813826177094,
                33.986975848897416
              ],
              [
                29.4423534623058,
                34.51948096770913
              ],
              [
                31.0,
                34.7
              ],
              [
                32.027485310407116,
                34.5809225010686
              ],
              [
                32.318493919228246,
                35.30526702440988
              ],
              [
                30.88685764909706,
                35.39778114249089
              ],
              [
                29.449590574000602,
                35.68622141518057
              ],
              [
                28.16026934736061,
                36.15085721837469
              ],
              [
                27.083545919217396,
                36.76838977275094
              ],
              [
                26.273411698263548,
                37.507853417441524
              ],
              [
                25.770490197163596,
                38.33216835757038
              ],
              [
                25.599999999999998,
                39.2
              ],
              [
                25.770490197163596,
                40.06783164242963
              ],
              [
                26.27341169826355,
                40.89214658255848
              ],
              [
                27.0835459192174,
                41.63161022724906
              ],
              [
                28.16026934736061,
                42.249142781625316
              ],
              [
                29.449590574000602,
                42.71377858481944
              ],
              [
                30.88685764909706,
                43.00221885750911
              ],
              [
                32.4,
                43.1
              ],
              [
                33.91314235090294,
                43.00221885750911
              ],
              [
                35.350409425999395,
                42.71377858481944
              ],
              [
                36.639730652639386,
                42.249142781625316
              ],
              [
                37.7164540807826,
                41.63161022724906
              ],
              [
                38.526588301736446,
                40.89214658255848
              ],
              [
                39.0295098028364,
                40.06783164242963
              ],
              [
                39.199999999999996,
                39.2
              ],
              [
                39.061658993799405,
                38.49581462967501
              ],
              [
                39.37962979052915,
                38.46461072578185
              ],
              [
                40.69007918252886,
                38.06523188667307
              ],
              [
                41.31540748355169,
                37.723011403895555
              ],
              [
                41.89703280627359,
                37.885827006061305
              ],
              [
                42.663443504213575,
                38.71020005821559
              ],
              [
                44.95939787304837,
                40.26194852818669
              ],
              [
                47.708685782795406,
                41.42949490544371
              ],
              [
                50.77344645763344,
                42.154293539381875
              ],
              [
                54.0,
                42.400000000000006
              ],
              [
                57.22655354236656,
                42.154293539381875
              ],
              [
                59.961319584223844,
                41.50753677708317
              ],
              [
                61.200336684200764,
                42.26552370883376
              ],
              [
                62.52150121245418,
                42.77337570955311
              ],
              [
                62.5398268870246,
                42.80330243470535
              ],
              [
                63.79076943408569,
                43.94093881115241
              ],
              [
                65.4533570804833,
                44.89098889480818
              ],
              [
                67.44422073926565,
                45.60581320741452
              ],
              [
                69.6635301934587,
                46.049567473090946
              ],
              [
                72.0,
                46.2
              ],
              [
                74.3364698065413,
                46.049567473090946
              ],
              [
                76.55577926073435,
                45.60581320741452
              ],
              [
                78.5466429195167,
                44.89098889480818
              ],
              [
                80.20923056591431,
                43.94093881115241
              ],
              [
                81.4601731129754,
                42.80330243470535
              ],
              [
                82.23674307790915,
                41.53512560373789
              ],
              [
                82.5,
                40.2
              ],
              [
                82.23674307790915,
                38.86487439626212
              ],
              [
                81.4601731129754,
                37.59669756529466
              ],
              [
                80.20923056591431,
                36.4590611888476
              ],
              [
                78.5466429195167,
                35.509011105191824
              ],
              [
                76.55577926073435,
                34.794186792585485
              ],
              [
                75.78096377071218,
                34.63926126917103
              ],
              [
                76.49586519994077,
                34.44348792444871
              ],
              [
                77.36805308855017,
                34.01459333688491
              ],
              [
                78.09642481935293,
                33.44456328669144
              ],
              [
                78.64445679235112,
                32.76198146082321
              ],
              [
                78.98466839603638,
                32.00107536224273
              ],
              [
                79.1,
                31.2
              ],
              [
                78.98466839603638,
                30.39892463775727
              ],
              [
                78.70577243920502,
                29.77515510102286
              ],
              [
                78.8445530555273,
                29.46810048299031
              ],
              [
                79.0,
                28.4
              ],
              [
                78.8445530555273,
                27.33189951700969
              ],
              [
                78.38600698099499,
                26.317358052235722
              ],
              [
                77.64735519130178,
                25.407248951078078
              ],
              [
                76.67843971883703,
                24.657120843363433
              ],
              [
                76.62658830173645,
                24.5438045565887
              ],
              [
                75.8164540807826,
                23.557853030334584
              ],
              [
                74.73973065263938,
                22.734476291166246
              ],
              [
                73.4504094259994,
                22.11496188690742
              ],
              [
                72.01314235090292,
                21.730374856654517
              ],
              [
                70.5,
                21.6
              ],
              [
                69.32903645833335,
                21.700892162460033
              ],
              [
                68.2,
                21.6
              ],
              [
                66.90937858305338,
                21.715331603963612
              ],
              [
                65.68347431311817,
                22.055543207648874
              ],
              [
                64.58375914921935,
                22.603575180647063
              ],
              [
                63.66537740168543,
                23.331946911449823
              ],
              [
                62.97438056616597,
                24.204134800059233
              ],
              [
                62.712123620705455,
                24.79855575417135
              ],
              [
                60.29131421720459,
                23.77050509455629
              ],
              [
                57.226553542366545,
                23.045706460618128
              ],
              [
                56.37387822525646,
                22.980774070229252
              ],
              [
                56.5,
                22.0
              ],
              [
                56.236743077909146,
                19.952807407601906
              ],
              [
                55.460173112975404,
                18.00826960011847
              ],
              [
                54.20923056591431,
                16.26389382289965
              ],
              [
                52.5466429195167,
                14.807150361294125
              ],
              [
                50.55577926073436,
                13.711086415297743
              ],
              [
                48.33646980654129,
                13.03066320792722
              ],
              [
                46.0,
                12.8
              ],
              [
                43.6635301934587,
                13.030663207927223
              ],
              [
                41.44422073926564,
                13.711086415297746
              ],
              [
                39.45335708048329,
                14.807150361294127
              ],
              [
                37.79076943408569,
                16.26389382289965
              ],
              [
                36.5398268870246,
                18.008269600118467
              ],
              [
                35.76325692209085,
                19.952807407601913
              ],
              [
                35.5,
                22.0
              ],
              [
                35.501520218372356,
                22.011821834601726
              ],
              [
                35.364428613011135,
                21.870813326230184
              ],
              [
                34.0371861738229,
                21.01302415110258
              ]
            ]
          ]
        ]
      }
    },
    {
      "type": "Feature",
      "properties": {
        "id": "zoroastrian",
        "style": "hatch",
        "year": 1600
      },
      "geometry": {
        "type": "Polygon",
        "coordinates": [
          [
            [
              62.0,
              32.4
            ],
            [
              61.79942329745459,
              33.623865136759726
            ],
            [
              61.20775094321935,
              34.786360565146566
            ],
            [
              60.254651859744236,
              35.82919391022303
            ],
            [
              58.98791841486987,
              36.700073153574166
            ],
            [
              57.471069912940465,
              37.355328773463306
            ],
            [
              55.780167471650515,
              37.76210351700003
            ],
            [
              54.0,
              37.9
            ],
            [
              52.219832528349485,
              37.76210351700003
            ],
            [
              50.528930087059535,
              37.355328773463306
            ],
            [
              49.01208158513013,
              36.700073153574166
            ],
            [
              47.745348140255764,
              35.82919391022303
            ],
            [
              46.79224905678065,
              34.786360565146566
            ],
            [
              46.20057670254541,
              33.623865136759726
            ],
            [
              46.0,
              32.4
            ],
            [
              46.20057670254541,
              31.17613486324027
            ],
            [
              46.79224905678065,
              30.01363943485343
            ],
            [
              47.745348140255764,
              28.970806089776964
            ],
            [
              49.01208158513013,
              28.099926846425834
            ],
            [
              50.528930087059535,
              27.444671226536695
            ],
            [
              52.219832528349485,
              27.03789648299997
            ],
            [
              54.0,
              26.9
            ],
            [
              55.78016747165051,
              27.03789648299997
            ],
            [
              57.471069912940465,
              27.44467122653669
            ],
            [
              58.98791841486987,
              28.099926846425834
            ],
            [
              60.254651859744236,
              28.970806089776964
            ],
            [
              61.20775094321935,
              30.01363943485343
            ],
            [
              61.79942329745459,
              31.176134863240268
            ],
            [
              62.0,
              32.4
            ]
          ]
        ]
      }
    },
    {
      "type": "Feature",
      "properties": {
        "id": "buddhist",
        "style": "hatch",
        "year": 1600
      },
      "geometry": {
        "type": "Polygon",
        "coordinates": [
          [
            [
              116.5,
              33.5
            ],
            [
              116.33703142918185,
              34.39008373582526
            ],
            [
              115.85629764136573,
              35.23553495647023
            ],
            [
              115.0819046360422,
              35.99395920743493
            ],
            [
              114.05268371208177,
              36.62732592987212
            ],
            [
              112.82024430426412,
              37.103875471609676
            ],
            [
              111.44638607071604,
              37.3997116487273
            ],
            [
              110.0,
              37.5
            ],
            [
              108.55361392928396,
              37.3997116487273
            ],
            [
              107.17975569573588,
              37.103875471609676
            ],
            [
              105.94731628791823,
              36.62732592987212
            ],
            [
              104.9180953639578,
              35.99395920743493
            ],
            [
              104.14370235863427,
              35.23553495647023
            ],
            [
              103.66296857081815,
              34.39008373582526
            ],
            [
              103.5,
              33.5
            ],
            [
              103.66296857081815,
              32.60991626417474
            ],
            [
              104.14370235863427,
              31.764465043529768
            ],
            [
              104.9180953639578,
              31.006040792565067
            ],
            [
              105.94731628791823,
              30.372674070127882
            ],
            [
              107.17975569573588,
              29.896124528390324
            ],
            [
              108.55361392928396,
              29.600288351272706
            ],
            [
              110.0,
              29.5
            ],
            [
              111.44638607071603,
              29.600288351272706
            ],
            [
              112.82024430426412,
              29.896124528390324
            ],
            [
              114.05268371208177,
              30.37267407012788
            ],
            [
              115.0819046360422,
              31.006040792565067
            ],
            [
              115.85629764136573,
              31.76446504352977
            ],
            [
              116.33703142918185,
              32.60991626417474
            ],
            [
              116.5,
              33.5
            ]
          ]
        ]
      }
    },
    {
      "type": "Feature",
      "properties": {
        "id": "jewish",
        "style": "spot",
        "year": 1600
      },
      "geometry": {
        "type": "MultiPolygon",
        "coordinates": [
          [
            [
              [
                30.262368169802922,
                31.078512553047084
              ],
              [
                30.217095963337854,
                31.025422855479555
              ],
              [
                30.15692612470632,
                30.98108718490895
              ],
              [
                30.084875820864674,
                30.94772871698732
              ],
              [
                30.0045579549034,
                30.92702018458909
              ],
              [
                29.92,
                30.919999999999998
              ],
              [
                29.835442045096602,
                30.92702018458909
              ],
              [
                29.75512417913533,
                30.94772871698732
              ],
              [
                29.683073875293683,
                30.98108718490895
              ],
              [
                29.62290403666215,
                31.025422855479555
              ],
              [
                29.57763183019708,
                31.078512553047084
              ],
              [
                29.54952739337091,
                31.137694138492233
              ],
              [
                29.540000000000003,
                31.2
              ],
              [
                29.54952739337091,
                31.262305861507766
              ],
              [
                29.57763183019708,
                31.321487446952915
              ],
              [
                29.62290403666215,
                31.374577144520444
              ],
              [
                29.683073875293683,
                31.418912815091048
              ],
              [
                29.75512417913533,
                31.452271283012678
              ],
              [
                29.835442045096602,
                31.47297981541091
              ],
              [
                29.92,
                31.48
              ],
              [
                30.0045579549034,
                31.47297981541091
              ],
              [
                30.084875820864674,
                31.452271283012678
              ],
              [
                30.15692612470632,
                31.418912815091048
              ],
              [
                30.217095963337854,
                31.374577144520444
              ],
              [
                30.262368169802922,
                31.321487446952915
              ],
              [
                30.290472606629095,
                31.262305861507766
              ],
              [
                30.3,
                31.2
              ],
              [
                30.290472606629095,
                31.137694138492233
              ],
              [
                30.262368169802922,
                31.078512553047084
              ]
            ]
          ],
          [
            [
              [
                35.63000731535742,
                31.23238264860595
              ],
              [
                35.54291939102231,
                31.113626388148976
              ],
              [
                35.43863605651466,
                31.024273349073184
              ],
              [
                35.32238651367597,
                30.96880406586363
              ],
              [
                35.2,
                30.95
              ],
              [
                35.07761348632403,
                30.968804065863633
              ],
              [
                34.961363943485345,
                31.024273349073184
              ],
              [
                34.8570806089777,
                31.113626388148976
              ],
              [
                34.76999268464259,
                31.23238264860595
              ],
              [
                34.704467122653675,
                31.37458719566183
              ],
              [
                34.663789648299996,
                31.533109299532764
              ],
              [
                34.650000000000006,
                31.7
              ],
              [
                34.663789648299996,
                31.866890700467234
              ],
              [
                34.704467122653675,
                32.02541280433817
              ],
              [
                34.76999268464259,
                32.16761735139405
              ],
              [
                34.8570806089777,
                32.28637361185102
              ],
              [
                34.961363943485345,
                32.375726650926815
              ],
              [
                35.07761348632403,
                32.43119593413637
              ],
              [
                35.2,
                32.45
              ],
              [
                35.32238651367597,
                32.43119593413637
              ],
              [
                35.43863605651466,
                32.375726650926815
              ],
              [
                35.54291939102231,
                32.28637361185102
              ],
              [
                35.63000731535742,
                32.16761735139405
              ],
              [
                35.69553287734633,
                32.02541280433817
              ],
              [
                35.73621035170001,
                31.866890700467234
              ],
              [
                35.75,
                31.7
              ],
              [
                35.73621035170001,
                31.533109299532764
              ],
              [
                35.69553287734633,
                31.37458719566183
              ],
              [
                35.63000731535742,
                31.23238264860595
              ]
            ]
          ],
          [
            [
              [
                45.036373611851026,
                32.157080608977694
              ],
              [
                44.91761735139405,
                32.069992684642585
              ],
              [
                44.775412804338174,
                32.00446712265367
              ],
              [
                44.61689070046724,
                31.963789648299997
              ],
              [
                44.45,
                31.95
              ],
              [
                44.28310929953277,
                31.963789648299997
              ],
              [
                44.12458719566183,
                32.00446712265367
              ],
              [
                43.982382648605956,
                32.069992684642585
              ],
              [
                43.86362638814898,
                32.157080608977694
              ],
              [
                43.77427334907319,
                32.26136394348534
              ],
              [
                43.71880406586364,
                32.37761348632403
              ],
              [
                43.7,
                32.5
              ],
              [
                43.71880406586364,
                32.62238651367597
              ],
              [
                43.77427334907319,
                32.73863605651466
              ],
              [
                43.86362638814898,
                32.842919391022306
              ],
              [
                43.982382648605956,
                32.930007315357415
              ],
              [
                44.12458719566183,
                32.99553287734633
              ],
              [
                44.28310929953277,
                33.03621035170001
              ],
              [
                44.45,
                33.05
              ],
              [
                44.61689070046724,
                33.03621035170001
              ],
              [
                44.775412804338174,
                32.99553287734633
              ],
              [
                44.91761735139405,
                32.930007315357415
              ],
              [
                45.036373611851026,
                32.842919391022306
              ],
              [
                45.125726650926815,
                32.73863605651466
              ],
              [
                45.18119593413637,
                32.62238651367597
              ],
              [
                45.2,
                32.5
              ],
              [
                45.18119593413637,
                32.37761348632403
              ],
              [
                45.125726650926815,
                32.26136394348534
              ],
              [
                45.036373611851026,
                32.157080608977694
              ]
            ]
          ],
          [
            [
              [
                22.130290660370726,
                32.72454557739414
              ],
              [
                22.09454944474041,
                32.68283224359108
              ],
              [
                22.04704694055762,
                32.647997073857034
              ],
              [
                21.990165121735266,
                32.621786849061465
              ],
              [
                21.926756280186893,
                32.60551585932
              ],
              [
                21.86,
                32.6
              ],
              [
                21.793243719813105,
                32.60551585932
              ],
              [
                21.729834878264732,
                32.621786849061465
              ],
              [
                21.672953059442378,
                32.647997073857034
              ],
              [
                21.62545055525959,
                32.68283224359108
              ],
              [
                21.589709339629273,
                32.72454557739414
              ],
              [
                21.567521626345453,
                32.77104539452961
              ],
              [
                21.56,
                32.82
              ],
              [
                21.567521626345453,
                32.86895460547039
              ],
              [
                21.589709339629273,
                32.91545442260586
              ],
              [
                21.62545055525959,
                32.95716775640892
              ],
              [
                21.672953059442378,
                32.992002926142966
              ],
              [
                21.729834878264732,
                33.018213150938536
              ],
              [
                21.793243719813105,
                33.03448414068
              ],
              [
                21.86,
                33.04
              ],
              [
                21.926756280186893,
                33.03448414068
              ],
              [
                21.990165121735266,
                33.018213150938536
              ],
              [
                22.04704694055762,
                32.992002926142966
              ],
              [
                22.09454944474041,
                32.95716775640892
              ],
              [
                22.130290660370726,
                32.91545442260586
              ],
              [
                22.152478373654546,
                32.86895460547039
              ],
              [
                22.16,
                32.82
              ],
              [
                22.152478373654546,
                32.77104539452961
              ],
              [
                22.130290660370726,
                32.72454557739414
              ]
            ]
          ],
          [
            [
              [
                28.29018607438977,
                38.34036244755391
              ],
              [
                28.239516736594794,
                38.30236044420767
              ],
              [
                28.178842796517618,
                38.27376747170342
              ],
              [
                28.11120669886602,
                38.25601730107636
              ],
              [
                28.04,
                38.25
              ],
              [
                27.968793301133978,
                38.25601730107636
              ],
              [
                27.90115720348238,
                38.27376747170342
              ],
              [
                27.840483263405204,
                38.30236044420767
              ],
              [
                27.78981392561023,
                38.34036244755391
              ],
              [
                27.751689962271225,
                38.385867902611785
              ],
              [
                27.728023068101816,
                38.43659497585049
              ],
              [
                27.72,
                38.49
              ],
              [
                27.728023068101816,
                38.543405024149514
              ],
              [
                27.751689962271225,
                38.59413209738822
              ],
              [
                27.78981392561023,
                38.639637552446096
              ],
              [
                27.840483263405204,
                38.67763955579233
              ],
              [
                27.90115720348238,
                38.70623252829658
              ],
              [
                27.968793301133978,
                38.72398269892364
              ],
              [
                28.04,
                38.730000000000004
              ],
              [
                28.11120669886602,
                38.72398269892364
              ],
              [
                28.178842796517618,
                38.70623252829658
              ],
              [
                28.239516736594794,
                38.67763955579233
              ],
              [
                28.29018607438977,
                38.639637552446096
              ],
              [
                28.328310037728773,
                38.59413209738822
              ],
              [
                28.351976931898182,
                38.543405024149514
              ],
              [
                28.36,
                38.49
              ],
              [
                28.351976931898182,
                38.43659497585049
              ],
              [
                28.328310037728773,
                38.385867902611785
              ],
              [
                28.29018607438977,
                38.34036244755391
              ]
            ]
          ],
          [
            [
              [
                12.718912815091048,
                41.76283224359108
              ],
              [
                12.674577144520445,
                41.72799707385703
              ],
              [
                12.621487446952916,
                41.70178684906146
              ],
              [
                12.562305861507769,
                41.68551585932
              ],
              [
                12.5,
                41.68
              ],
              [
                12.437694138492231,
                41.68551585932
              ],
              [
                12.378512553047084,
                41.70178684906146
              ],
              [
                12.325422855479555,
                41.72799707385703
              ],
              [
                12.281087184908952,
                41.76283224359108
              ],
              [
                12.247728716987323,
                41.80454557739414
              ],
              [
                12.22702018458909,
                41.851045394529606
              ],
              [
                12.22,
                41.9
              ],
              [
                12.22702018458909,
                41.94895460547039
              ],
              [
                12.247728716987323,
                41.99545442260586
              ],
              [
                12.281087184908952,
                42.03716775640892
              ],
              [
                12.325422855479555,
                42.072002926142964
              ],
              [
                12.378512553047084,
                42.098213150938534
              ],
              [
                12.437694138492231,
                42.11448414068
              ],
              [
                12.5,
                42.12
              ],
              [
                12.562305861507769,
                42.11448414068
              ],
              [
                12.621487446952916,
                42.098213150938534
              ],
              [
                12.674577144520445,
                42.072002926142964
              ],
              [
                12.718912815091048,
                42.03716775640892
              ],
              [
                12.752271283012677,
                41.99545442260586
              ],
              [
                12.77297981541091,
                41.94895460547039
              ],
              [
                12.78,
                41.9
              ],
              [
                12.77297981541091,
                41.851045394529606
              ],
              [
                12.752271283012677,
                41.80454557739414
              ],
              [
                12.718912815091048,
                41.76283224359108
              ]
            ]
          ]
        ]
      }
    }
  ]
}